Date, Open, High, Low, Close, Volume
12/28/2023,210.8,211.2,209.9,210.3,337634
12/27/2023,210,211.4,210,210.8,340581
12/26/2023,209.8,210.1,209.8,210,300826
12/21/2023,209.8,210.2,209.8,209.8,280556
12/20/2023,209.8,209.9,209.8,209.8,688965
12/19/2023,209.8,210,209.8,209.8,340796
12/18/2023,209.8,209.9,209.8,209.8,466145
12/14/2023,209.8,209.8,209.8,209.8,90082
12/13/2023,209.8,209.8,209.8,209.8,68118
12/12/2023,209.8,209.8,209.8,209.8,66142
12/11/2023,209.8,209.8,209.8,209.8,61421
12/7/2023,209.8,209.8,209.8,209.8,222818
12/6/2023,209.8,209.8,209.8,209.8,125335
12/5/2023,209.8,209.8,209.8,209.8,122114
12/4/2023,209.8,209.8,209.8,209.8,76702
11/30/2023,209.8,209.8,209.8,209.8,1916
11/29/2023,209.8,209.8,209.8,209.8,19595
11/28/2023,209.8,209.8,209.8,209.8,2386
11/27/2023,209.8,209.8,209.8,209.8,4466
11/23/2023,209.8,209.8,209.8,209.8,3177
11/22/2023,209.8,209.8,209.8,209.8,3982
11/21/2023,209.8,209.8,209.8,209.8,10078
11/20/2023,209.8,209.8,209.8,209.8,5993
11/15/2023,212.1,212.3,210.8,211.9,376525
11/14/2023,209.9,211,209.9,210.8,182442
11/13/2023,210.2,210.3,209.8,209.9,504774
11/9/2023,210.3,210.5,209.9,210,389164
11/8/2023,210.5,210.5,210.2,210.3,208272
11/7/2023,210.9,211.1,210.3,210.3,425889
11/6/2023,211,211.1,210.8,210.9,201331
11/2/2023,211.2,211.6,211.1,211.2,130241
11/1/2023,210.9,211.4,210.9,211.1,148880
10/31/2023,211.1,211.5,210.9,211.1,233090
10/30/2023,211.1,211.5,210.9,211.2,231088
10/26/2023,210.3,211.5,210.3,210.9,231866
10/25/2023,211.2,211.2,209.8,210.3,1763952
10/23/2023,211,213,209.8,210.3,269914
10/19/2023,210.3,212.3,210.3,212,498248
10/18/2023,210,210.6,209.9,210.3,602245
10/17/2023,210,210.1,209.9,210,74413
10/16/2023,210,210.1,209.9,210,702884
10/12/2023,210,210.2,209.8,210,122839
10/11/2023,209.8,210.1,209.8,209.8,69486
10/10/2023,209.8,210.1,209.8,210,301655
10/9/2023,209.8,210,209.8,209.9,622728
10/5/2023,209.8,210.1,209.8,210,204858
10/4/2023,209.8,210,209.8,209.8,149148
10/3/2023,209.8,209.9,209.8,209.8,134045
10/2/2023,209.8,209.8,209.8,209.8,61510
9/27/2023,209.8,210.1,209.8,209.8,95354
9/26/2023,209.9,210,209.8,209.8,135986
9/25/2023,209.9,210,209.8,209.9,291844
9/21/2023,210,210.2,209.8,210,820238
9/20/2023,210.7,210.7,209.9,210,111395
9/19/2023,209.8,210.2,209.8,210,154093
9/18/2023,210.2,210.5,209.9,210.1,120932
9/14/2023,210.3,210.3,209.8,209.8,471157
9/13/2023,210,211.3,209.8,210.2,467282
9/12/2023,209.9,210.6,209.8,210,444295
9/11/2023,210.3,210.9,209.9,210.1,293771
9/7/2023,211,211.1,210.6,210.7,167502
9/5/2023,210.5,211.1,210.5,211,154827
9/4/2023,211.5,211.5,210.5,210.7,161048
8/31/2023,211,211.6,210.3,211.1,121146
8/30/2023,211.3,211.3,210.7,211,64003
8/29/2023,210.5,211.6,210.5,211.3,109938
8/28/2023,211.5,212.2,210.4,211.5,320268
8/24/2023,209.8,211.7,209.8,211.2,169605
8/23/2023,210,211,209.8,210.6,148287
8/22/2023,209.9,210,209.8,210,160863
8/21/2023,210,210,209.8,209.9,157858
8/17/2023,209.8,210.4,209.8,210,167664
8/16/2023,210,210.5,209.8,209.8,1142732
8/14/2023,210.5,210.5,209.8,210.3,497923
8/10/2023,211.5,211.9,211,211.6,135701
8/9/2023,210,211.8,210,211.6,451717
8/8/2023,209.9,211.5,209.9,211,235931
8/7/2023,209.8,210.2,209.8,210,412853
8/3/2023,210,210,209.8,209.9,102738
8/2/2023,209.8,210.8,209.8,210.4,195304
8/1/2023,209.8,210,209.8,209.8,128893
7/31/2023,209.8,210,209.8,209.8,189908
7/27/2023,210,210.5,209.8,210,227607
7/26/2023,210.2,210.6,209.9,210,154815
7/25/2023,209.9,210.8,209.8,210.6,330009
7/24/2023,211,211,209.8,209.9,543811
7/20/2023,211.9,212.2,210.8,211.1,441511
7/19/2023,213.3,213.3,211.5,212.6,290393
7/18/2023,213.1,214.1,212.6,213.3,423366
7/17/2023,212.1,214,211,213.1,569775
7/13/2023,209.8,211.9,209.8,210.4,1374119
7/12/2023,209.8,209.8,209.8,209.8,171571
7/11/2023,209.8,209.8,209.8,209.8,23649
7/10/2023,209.8,209.8,209.8,209.8,48937
7/6/2023,209.8,209.8,209.8,209.8,15315
7/5/2023,209.8,209.8,209.8,209.8,13117
7/4/2023,209.8,209.8,209.8,209.8,8783
7/3/2023,209.8,209.8,209.8,209.8,14368
6/26/2023,209.8,209.8,209.8,209.8,128758
6/22/2023,209.8,209.8,209.8,209.8,60532
6/21/2023,209.8,209.8,209.8,209.8,20669
6/20/2023,209.8,209.8,209.8,209.8,18074
6/19/2023,209.8,209.8,209.8,209.8,16827
6/15/2023,209.8,209.8,209.8,209.8,13937
6/14/2023,209.8,209.8,209.8,209.8,21701
6/13/2023,209.8,209.8,209.8,209.8,11002
6/12/2023,209.8,209.8,209.8,209.8,31982
6/8/2023,209.8,209.8,209.8,209.8,9557
6/7/2023,209.8,209.8,209.8,209.8,13725
6/6/2023,209.8,209.8,209.8,209.8,10707
6/5/2023,209.8,209.8,209.8,209.8,11892
6/1/2023,209.8,209.8,209.8,209.8,12052
5/31/2023,209.8,209.8,209.8,209.8,7508
5/30/2023,209.8,209.8,209.8,209.8,13839
5/29/2023,209.8,209.8,209.8,209.8,13405
5/25/2023,209.8,209.8,209.8,209.8,12961
5/24/2023,209.8,209.8,209.8,209.8,9550
5/23/2023,209.8,209.8,209.8,209.8,15716
5/22/2023,209.8,209.8,209.8,209.8,16895
5/18/2023,209.8,209.8,209.8,209.8,6950
5/17/2023,209.8,209.8,209.8,209.8,22739
5/16/2023,209.8,209.8,209.8,209.8,7527
5/15/2023,209.8,209.8,209.8,209.8,42329
5/11/2023,209.8,209.8,209.8,209.8,12261
5/10/2023,209.8,209.8,209.8,209.8,11097
5/9/2023,209.8,209.8,209.8,209.8,16541
5/8/2023,209.8,209.8,209.8,209.8,10299
5/3/2023,209.8,209.8,209.8,209.8,12261
5/2/2023,209.8,209.8,209.8,209.8,13148
4/27/2023,209.8,209.8,209.8,209.8,19360
4/26/2023,209.8,209.8,209.8,209.8,13260
4/25/2023,209.8,209.8,209.8,209.8,41975
4/24/2023,209.8,209.8,209.8,209.8,10602
4/18/2023,209.8,209.8,209.8,209.8,110189
4/17/2023,209.8,209.8,209.8,209.8,10936
4/13/2023,209.8,209.8,209.8,209.8,2157
4/12/2023,209.8,209.8,209.8,209.8,4483
4/11/2023,209.8,209.8,209.8,209.8,5246
4/10/2023,209.8,209.8,209.8,209.8,4262
4/6/2023,209.8,209.8,209.8,209.8,3191
4/5/2023,209.8,209.8,209.8,209.8,5626
4/4/2023,209.8,209.8,209.8,209.8,7271
4/3/2023,209.8,209.8,209.8,209.8,12928
3/30/2023,209.8,209.8,209.8,209.8,2944
3/29/2023,209.8,209.8,209.8,209.8,4038
3/28/2023,209.8,209.8,209.8,209.8,2219
3/27/2023,209.8,209.8,209.8,209.8,2891
3/23/2023,209.8,209.8,209.8,209.8,3297
3/22/2023,209.8,209.8,209.8,209.8,7583
3/21/2023,209.8,209.8,209.8,209.8,10436
3/20/2023,209.8,209.8,209.8,209.8,7930
3/16/2023,209.8,209.8,209.8,209.8,2062
3/15/2023,209.8,209.8,209.8,209.8,5980
3/14/2023,209.8,209.8,209.8,209.8,4993
3/13/2023,209.8,209.8,209.8,209.8,5966
3/9/2023,209.8,209.8,209.8,209.8,5229
3/7/2023,209.8,209.8,209.8,209.8,8712
3/6/2023,209.8,209.8,209.8,209.8,14574
3/2/2023,209.8,209.8,209.8,209.8,3630
3/1/2023,209.8,209.8,209.8,209.8,6170
2/28/2023,209.8,209.8,209.8,209.8,5533
2/27/2023,209.8,209.8,209.8,209.8,5842
2/23/2023,209.8,209.8,209.8,209.8,5368
2/22/2023,209.8,209.8,209.8,209.8,15386
2/20/2023,209.8,209.8,209.8,209.8,17256
2/16/2023,209.8,209.8,209.8,209.8,3626
2/15/2023,209.8,209.8,209.8,209.8,5204
2/14/2023,209.8,209.8,209.8,209.8,5438
2/13/2023,209.8,209.8,209.8,209.8,5038
2/9/2023,209.8,209.8,209.8,209.8,20717
2/8/2023,209.8,209.8,209.8,209.8,25637
2/7/2023,209.8,209.8,209.8,209.8,14213
2/6/2023,209.8,209.8,209.8,209.8,11594
2/2/2023,209.8,209.8,209.8,209.8,31926
2/1/2023,209.8,209.8,209.8,209.8,18023
1/31/2023,209.8,209.8,209.8,209.8,9964
1/30/2023,209.8,209.8,209.8,209.8,16562
1/26/2023,209.8,209.8,209.8,209.8,20806
1/25/2023,209.8,209.8,209.8,209.8,9909
1/24/2023,209.8,209.8,209.8,209.8,17665
1/23/2023,209.8,209.8,209.8,209.8,5924
1/19/2023,209.8,209.8,209.8,209.8,6601
1/18/2023,209.8,209.8,209.8,209.8,18757
1/17/2023,209.8,209.8,209.8,209.8,16435
1/16/2023,209.8,209.8,209.8,209.8,17315
1/12/2023,209.8,209.8,209.8,209.8,4631
1/11/2023,209.8,209.8,209.8,209.8,4513
1/10/2023,209.8,209.8,209.8,209.8,6456
1/9/2023,209.8,209.8,209.8,209.8,2758
1/5/2023,209.8,209.8,209.8,209.8,3334
1/4/2023,209.8,209.8,209.8,209.8,58725
1/3/2023,209.8,209.8,209.8,209.8,37787
1/2/2023,209.8,209.8,209.8,209.8,45634
12/29/2022,209.8,209.8,209.8,209.8,9523
12/28/2022,209.8,209.8,209.8,209.8,5533
12/27/2022,209.8,209.8,209.8,209.8,4765
12/26/2022,209.8,209.8,209.8,209.8,10386
12/22/2022,209.8,209.8,209.8,209.8,10376
12/21/2022,209.8,209.8,209.8,209.8,5181
12/20/2022,209.8,209.8,209.8,209.8,6116
12/19/2022,209.8,209.8,209.8,209.8,6709
12/15/2022,209.8,209.8,209.8,209.8,6520
12/14/2022,209.8,209.8,209.8,209.8,6479
12/13/2022,209.8,209.8,209.8,209.8,7660
12/12/2022,209.8,209.8,209.8,209.8,8294
12/8/2022,209.8,209.8,209.8,209.8,9722
12/7/2022,209.8,209.8,209.8,209.8,12404
12/6/2022,209.8,209.8,209.8,209.8,3980
12/5/2022,209.8,209.8,209.8,209.8,13253
12/1/2022,209.8,209.8,209.8,209.8,379170
11/30/2022,209.8,209.8,209.8,209.8,29176
11/29/2022,209.8,209.8,209.8,209.8,11516
11/24/2022,211,211.1,209.8,210.3,377528
11/23/2022,210,211.4,210,211,483475
11/22/2022,209.8,210.9,209.8,210.2,301341
11/21/2022,209.9,210,209.8,209.8,684823
11/17/2022,210,211,209.9,210.8,423390
11/16/2022,210,210.2,209.8,210,383068
11/15/2022,210,213.5,209.9,211,593416
11/14/2022,209.8,210.9,209.8,210.1,785323
11/10/2022,209.8,210.1,209.8,209.9,462095
11/9/2022,209.8,210,209.8,209.8,543867
11/8/2022,209.8,211,209.8,210.2,693779
11/7/2022,209.8,210,209.8,209.8,427195
11/3/2022,210.7,212,210.4,211.5,270514
11/2/2022,209.8,213.8,209.8,210.8,694780
11/1/2022,209.8,209.8,209.8,209.8,140370
10/31/2022,209.8,209.8,209.8,209.8,207541
10/27/2022,209.8,209.8,209.8,209.8,110377
10/26/2022,209.8,209.8,209.8,209.8,175800
10/25/2022,209.8,209.8,209.8,209.8,84800
10/24/2022,209.8,209.8,209.8,209.8,127478
10/20/2022,209.8,209.8,209.8,209.8,58869
10/19/2022,209.8,209.8,209.8,209.8,21740
10/18/2022,209.8,209.8,209.8,209.8,42111
10/17/2022,209.8,209.8,209.8,209.8,30185
10/13/2022,209.8,209.8,209.8,209.8,52851
10/12/2022,209.8,209.8,209.8,209.8,52364
10/11/2022,209.8,209.8,209.8,209.8,72262
10/10/2022,209.8,210,209.8,209.8,515651
10/6/2022,209.8,209.8,209.8,209.8,26788
10/4/2022,209.8,209.8,209.8,209.8,190911
10/3/2022,209.8,209.8,209.8,209.8,101768
9/29/2022,209.8,209.8,209.8,209.8,185149
9/28/2022,209.8,209.8,209.8,209.8,127856
9/27/2022,209.8,209.8,209.8,209.8,146375
9/26/2022,209.8,209.8,209.8,209.8,100298
9/22/2022,209.8,209.9,209.8,209.8,170853
9/21/2022,209.8,210,209.8,209.8,264461
9/20/2022,209.8,211.9,209.8,209.9,953648
9/19/2022,209.8,210,209.8,209.8,321353
9/15/2022,210,211.6,209.8,210,309122
9/14/2022,210.5,211.8,209.8,210.4,290143
9/13/2022,212.6,213,209.8,210.4,897961
9/12/2022,213,213.8,211.8,212,496608
9/8/2022,213.7,213.7,211.8,212.1,392735
9/7/2022,213,215.9,210.2,211.9,1377508
9/6/2022,212.1,212.6,211.7,212.4,208231
9/5/2022,212.9,213,212.2,212.4,312771
9/1/2022,213,213,211.4,211.8,1022201
8/31/2022,212,213,209.9,211.1,892159
8/30/2022,213,213,211.5,211.9,679855
8/29/2022,214,214,211.5,212.1,764638
8/25/2022,211.8,212.5,210.8,212,451233
8/24/2022,212.9,213,211.6,211.8,240871
8/23/2022,212.1,215,211.7,212,749896
8/22/2022,213.3,213.3,212.4,212.6,446686
8/17/2022,213,213.3,212.2,212.6,352016
8/16/2022,213,213.3,212.5,212.8,153858
8/11/2022,213.9,214,211,211.6,74760
8/10/2022,215,215,211.3,213.1,129413
8/8/2022,215,215,212.5,213.5,178656
8/4/2022,213.6,216.8,213,216.1,590946
8/3/2022,213,215.9,212.8,213.4,351735
8/2/2022,211.5,212.9,210,212.1,326651
8/1/2022,211.6,211.7,209.8,210.7,370624
7/28/2022,209.9,209.9,207.5,208.9,509233
7/27/2022,212.9,212.9,209.2,209.9,249234
7/26/2022,212,212,210,210.5,398887
7/25/2022,209.1,210.7,209,210,378221
7/21/2022,214.9,214.9,211.7,212.2,316008
7/20/2022,211,214.4,210.2,212.9,270550
7/19/2022,212.3,213.5,209,212.8,323595
7/18/2022,214.9,215.1,213,213.2,286549
7/14/2022,214.7,215,213.5,214.7,134963
7/13/2022,215,215.8,214.7,214.9,143787
7/12/2022,215,216,214.8,215.4,120553
7/7/2022,215,215.7,214.6,215.1,182696
7/6/2022,215.4,215.8,214.6,215.1,155903
7/5/2022,214.6,215.7,214.6,214.8,328965
7/4/2022,215,216,214,215.6,349877
6/30/2022,216.8,218.6,214.7,216.7,1146540
6/29/2022,217,218.2,216.6,218,354071
6/28/2022,216,217.5,215.9,217.2,430790
6/27/2022,215,215.9,214.6,215.8,407444
6/23/2022,215.8,215.8,214.6,215,215981
6/22/2022,216,216.1,214.5,215,682028
6/21/2022,214.3,216.2,213.9,215.3,245932
6/20/2022,215.5,215.8,214,214.7,297767
6/16/2022,213.6,216.6,213.6,215.7,467839
6/15/2022,215.9,215.9,212.6,213.3,517282
6/14/2022,216,216.5,213.6,214.2,273331
6/13/2022,216.5,216.5,214.5,215.4,128327
6/9/2022,219.2,219.2,217.7,218.1,244399
6/8/2022,221.3,221.3,217.7,217.9,104815
6/7/2022,218.8,219.5,218,218.6,148956
6/6/2022,221.2,221.2,217.6,218.3,180578
6/2/2022,219.9,219.9,217.5,218.4,124162
6/1/2022,218.5,219,215.2,217.3,568188
5/31/2022,217.8,218.3,215.1,216.1,598231
5/30/2022,216.4,216.9,215,215.8,359551
5/26/2022,210.5,212,209.8,211.7,414177
5/25/2022,211.1,212.8,210,211.5,589058
5/24/2022,211.6,211.9,209.3,211.1,556294
5/23/2022,216.7,216.7,212,212.4,721556
5/19/2022,217,217.5,213.5,215.1,394271
5/18/2022,220.1,220.2,216.5,217.5,370915
5/17/2022,222,222.8,217,220.5,524946
5/16/2022,223.2,223.2,221,221.4,427581
5/12/2022,223.8,226,221.7,223.2,253264
5/11/2022,224,224.2,221.6,222.1,268635
5/10/2022,224.1,225.2,223.7,224.1,275927
5/9/2022,223.2,224.5,222.9,224.1,376771
5/5/2022,226,226,223.9,224.2,143597
4/28/2022,226.1,227.1,224.5,225.5,421252
4/27/2022,225.1,227.4,225.1,225.7,532060
4/26/2022,225.5,226.4,225.1,225.9,402709
4/25/2022,225.9,225.9,224.9,225.5,676262
4/21/2022,225.4,225.7,224.6,225.2,344617
4/20/2022,224.9,225.3,224,224.8,458416
4/19/2022,222.1,225,221.5,224.7,498872
4/18/2022,223.5,224.5,222.4,222.7,501274
4/13/2022,221.8,226,221.3,224.8,634560
4/12/2022,223.2,223.8,221.8,222.3,406372
4/11/2022,224,224.5,223.4,223.8,275088
4/7/2022,218.1,223,217.5,221.4,343780
4/6/2022,219.4,220.9,217.9,218.4,112545
4/5/2022,218.1,220,217.2,219.4,265982
4/4/2022,218.6,219.8,217.8,218.6,85323
3/31/2022,220,220,217.2,219.3,251092
3/30/2022,218.2,220,217.4,218.1,190758
3/29/2022,220.9,220.9,218.2,218.7,333103
3/28/2022,220,222.2,220,220.5,484560
3/24/2022,221.2,221.2,219.4,219.7,218896
3/23/2022,220,222.3,219,220,457151
3/22/2022,216.1,220.5,216,220,765481
3/21/2022,217,217.7,215.4,216.9,317337
3/16/2022,217.1,218.5,217.1,217.9,128101
3/15/2022,217.6,218.5,216.9,217,327578
3/14/2022,217.6,218.7,216.2,217.4,266045
3/10/2022,214.5,217.8,214.5,214.9,330440
3/9/2022,215.8,216.4,211.9,214,379684
3/8/2022,213,216,209.3,210.9,981736
3/7/2022,217.1,217.1,212,212.3,498199
3/3/2022,220,220,217.1,218.1,205802
3/2/2022,219.6,219.9,218.4,219.3,139975
3/1/2022,219.2,221.4,219.1,219.5,223891
2/28/2022,218.4,221.5,218.4,219.1,456525
2/24/2022,228.2,228.7,222.6,223.1,452496
2/23/2022,225,229,223.5,226.2,265931
2/22/2022,224.1,225.5,223,223.7,332810
2/17/2022,231.5,231.5,226.1,227.1,531012
2/16/2022,231.4,233,229.9,230.1,418933
2/15/2022,231,232,230.6,231.6,420710
2/14/2022,231.3,232.9,230.5,231.2,621706
2/10/2022,227.1,231,227.1,230.4,598335
2/9/2022,230.9,231.5,227.2,228.2,401900
2/8/2022,228.2,231.2,228.2,230.9,723787
2/7/2022,233.9,235.6,230.5,231.1,948436
2/3/2022,227.3,228.5,226.1,227.2,553306
2/2/2022,225.9,228.9,224.9,227.3,905379
2/1/2022,221.7,225.4,221.2,224.7,672271
1/31/2022,221.2,222,219.9,220.2,194042
1/27/2022,221,222.3,220.6,220.8,163818
1/26/2022,220.2,222,220.2,221.3,155963
1/25/2022,220,222.4,219.9,220.1,392973
1/24/2022,220.2,221,219.6,219.8,209084
1/20/2022,221.7,223.7,221.7,222.5,377921
1/19/2022,221.6,221.6,220,221.2,132014
1/18/2022,220.9,221.8,220.1,220.5,277865
1/17/2022,222.4,222.4,219.9,220.9,211206
1/13/2022,223.8,223.8,221,222.4,353718
1/12/2022,223.5,223.5,220,221.1,267701
1/11/2022,217.8,224,217.5,222.6,800637
1/10/2022,217.1,217.5,215,217.2,391627
1/6/2022,216,216.2,215,215.8,255608
1/5/2022,214.5,216.6,213.7,214.8,307198
1/4/2022,214.8,215.8,213.4,215.1,232999
1/3/2022,214.3,215.7,213.6,214.7,370750
12/30/2021,215.8,215.8,214,214.3,197330
12/29/2021,216,216.5,214,214.2,224347
12/28/2021,214.5,217,214.5,216.2,192466
12/27/2021,212.6,217.2,212.6,216.3,586853
12/23/2021,214.1,214.7,213.8,214.3,352396
12/22/2021,214.6,214.7,213.9,214,292241
12/21/2021,215.8,215.8,213.6,214,325977
12/20/2021,215,215,213,214.3,194301
12/15/2021,216.2,218,215.5,217.4,100772
12/14/2021,219,219.4,215.7,216.2,336433
12/13/2021,219.3,219.4,216.9,218.9,225916
12/9/2021,219.5,220.9,219.2,219.8,427949
12/8/2021,220.9,220.9,218.6,219,326639
12/7/2021,219.4,222,218.2,220.9,376256
12/6/2021,220.1,221,218.4,220.1,268440
12/2/2021,215.1,222.4,213,221.7,788332
12/1/2021,214.8,219,213.8,217.9,489915
11/30/2021,219.5,219.5,210.6,211.8,1812325
11/29/2021,216.1,217.9,215.4,217.2,288023
11/25/2021,219.8,220.5,217,218.3,179702
11/24/2021,224.4,224.4,219,219.6,683485
11/23/2021,218,224.6,215.3,223.3,684522
11/18/2021,224.4,226.9,223.1,224.9,549848
11/17/2021,228.9,228.9,224,226.2,1141768
11/16/2021,222.5,229.5,222.5,228.2,2515012
11/15/2021,220,223.2,218.3,222.5,1507970
11/11/2021,217.3,217.3,214,216.2,609011
11/10/2021,215.6,216.8,214.9,216.3,723098
11/9/2021,210.9,214.5,210.9,212.7,1757363
11/8/2021,210.7,210.7,208.5,209.5,489005
11/4/2021,214,214,207.7,210.2,687229
11/3/2021,216.6,216.7,212.3,213.1,643861
11/2/2021,218.9,219,215.6,216.6,829105
11/1/2021,219.2,220,218.3,218.8,624531
10/28/2021,220.5,221.7,217.5,217.7,1061446
10/27/2021,222,222,218.8,220.2,811067
10/26/2021,221,223.2,217,221.1,1038001
10/25/2021,226.2,226.9,220,222.2,1978019
10/21/2021,233.4,234.4,230.5,233.8,790625
10/19/2021,230.9,233.9,230.2,231.2,646908
10/18/2021,235.4,235.4,230.4,230.9,739471
10/14/2021,237.7,238.5,232.2,235.3,1079297
10/13/2021,240,241,237.3,237.7,869201
10/12/2021,240.8,241.6,239.5,240.7,831779
10/11/2021,239.5,242.6,239,240.6,1150987
10/7/2021,240.1,241.8,238.3,239.7,743758
10/6/2021,238.1,241.9,237.9,240.7,1167989
10/5/2021,240,240,237.6,238.1,1025540
10/4/2021,240.3,243.5,237.6,239.2,1117164
9/30/2021,243.5,244.3,241.5,242.2,1109407
9/29/2021,244.8,245,242.9,243.5,832361
9/28/2021,244,245,243.5,243.8,746505
9/27/2021,243,245.2,242.6,243.9,987247
9/23/2021,245,245.7,243.4,244.5,1060326
9/22/2021,244,246,244,244.9,928110
9/21/2021,242,245,241.6,243.8,964182
9/20/2021,242.8,244.1,240.7,241.9,1067472
9/16/2021,243.1,248.2,243.1,244.4,1521356
9/15/2021,242.5,243,238,242.3,1473965
9/14/2021,245.7,248.5,241.2,241.9,1355525
9/13/2021,244.8,244.9,239,243.3,1196057
9/9/2021,243.2,250,243.1,248.1,3284192
9/8/2021,235.9,244.1,235.7,243,4109414
9/7/2021,233.5,236.2,232.2,235.5,1986933
9/6/2021,231.9,234.5,231.1,233.3,1892425
9/2/2021,229.5,230.5,228.4,229.4,629066
9/1/2021,227,230.4,226.6,229.1,870154
8/31/2021,228.2,229.3,225.2,226.6,1525426
8/26/2021,230,230,228.5,229.3,640147
8/25/2021,230,231.6,228.8,229.3,545930
8/24/2021,229.3,231.1,229,230,601001
8/23/2021,229.3,230.9,228.9,229.3,425849
8/19/2021,229.8,229.8,226.5,227,810224
8/18/2021,231,231.5,229.6,229.8,628871
8/17/2021,232,232.5,230,230.7,689366
8/16/2021,231,233,230.1,232.4,744829
8/12/2021,231.3,231.3,229.2,231,800948
8/11/2021,230.7,232.6,228.1,231.3,753256
8/10/2021,233,235.5,229.1,230.7,1045735
8/9/2021,227.1,232.5,224.9,231.9,1209785
8/5/2021,224.1,228.3,222.8,226.8,892280
8/3/2021,221.2,224,220.8,222.9,838680
8/2/2021,222.2,222.8,220.8,221.1,681683
7/29/2021,223.1,223.9,220.4,222,393655
7/28/2021,222.7,223.7,222.1,222.8,358250
7/27/2021,223.8,224.7,221.9,222.7,396094
7/26/2021,225,225.4,223,223.4,557387
7/19/2021,224.2,225.5,221.8,224,766470
7/15/2021,217.1,218.1,217,217.6,516550
7/14/2021,216.1,217.7,216.1,217.1,463482
7/13/2021,216.7,217.9,215.6,216.1,624655
7/12/2021,217.5,217.7,216,216.3,334587
7/8/2021,216,218.2,215,217.5,560585
7/7/2021,218,218.2,214,214.8,953398
7/6/2021,219.1,220,217.3,217.9,576430
7/5/2021,216.3,219.9,216.3,219.4,946886
6/30/2021,213.7,217.1,213.4,215.5,4073996
6/29/2021,214,214.6,213.3,213.8,477348
6/28/2021,213.1,214.5,213,213.8,365671
6/24/2021,213,213.7,212.7,213.1,558545
6/23/2021,214.7,214.7,212.8,213.1,761217
6/22/2021,214.7,215,213.3,213.7,798049
6/21/2021,214.4,215,213.7,214,422113
6/17/2021,213.6,215,213,213.8,420302
6/16/2021,213,213.9,212.6,213.5,241486
6/15/2021,213.7,214.8,212,212.6,469982
6/14/2021,214.5,215.9,213.5,213.6,488060
6/10/2021,215,217,214.1,214.3,793035
6/9/2021,216,216,213.9,214.5,643556
6/8/2021,214.6,214.9,213.7,214.1,441432
6/7/2021,214,215.6,213.4,214.6,646300
6/3/2021,213,213,212,212.3,647023
6/2/2021,214,214,212.1,212.3,519136
6/1/2021,213.9,214.8,212.9,213.7,630065
5/31/2021,215.9,215.9,212.1,213,823312
5/27/2021,210.9,212.1,210,211.9,1208073
5/25/2021,211,211.6,210.4,210.6,578150
5/24/2021,211,212,210.3,210.8,758227
5/20/2021,212.9,214,211.6,211.9,954784
5/19/2021,213.9,215,212.4,212.9,691336
5/18/2021,216,216,212.9,213.4,629845
5/17/2021,215.5,216.5,213.3,215.7,870390
5/12/2021,209.5,210.2,209.3,210,809117
5/11/2021,210.2,210.2,207.9,209,1981220
5/6/2021,211.9,212,208.7,209.2,1194766
5/5/2021,209.5,211,208.2,208.7,456260
5/4/2021,210.2,211,208.4,208.9,257578
5/3/2021,210.1,211.9,209.8,210.1,262116
4/29/2021,212,213.5,210.2,211.8,388051
4/28/2021,211.5,213.1,210,211.2,607038
4/27/2021,210.5,212.1,207.5,211.5,566524
4/26/2021,215.6,216.6,211.5,212.3,526143
4/22/2021,208.1,212,208.1,211.9,680276
4/21/2021,208.9,211,208.1,209.4,167943
4/20/2021,205.1,210.5,204.3,209.3,784364
4/19/2021,202.9,206.2,202,205.1,183073
4/15/2021,203,203.8,201.5,202.8,170837
4/13/2021,199,202.6,196.6,201.5,379433
4/12/2021,197,201.5,196.5,199.8,221789
4/8/2021,198.6,201.4,198.6,200.4,229110
4/7/2021,199,203.2,198.5,200.1,304828
4/6/2021,193.5,199,193.5,198.3,224811
4/5/2021,194,195,191.7,193,320244
4/1/2021,196.7,197.4,193.6,196.4,601831
3/31/2021,199,199,195.4,196.6,1097870
3/29/2021,201.4,202,198.6,199,1136822
3/25/2021,202.2,203.6,200,200.4,1233167
3/24/2021,207,207,203.1,203.6,461548
3/23/2021,208.6,210.8,206.6,207,408582
3/22/2021,208.8,209,204.1,207.9,687920
3/18/2021,215.8,215.8,212.6,213.4,681867
3/16/2021,213.9,216,213.1,214.2,337209
3/15/2021,214.5,215.9,212.2,213.6,789463
3/11/2021,216.2,217.5,215.6,216,333992
3/10/2021,219.5,219.5,215.5,216.9,480747
3/9/2021,220.1,220.5,217.7,218.4,942762
3/8/2021,219.7,220.1,218.8,219.4,609927
3/4/2021,217.5,219,217,218.4,267926
3/3/2021,217.7,219,217.2,217.5,601956
3/2/2021,215.5,218.5,215.4,217.6,776749
3/1/2021,216,217.5,215,216.3,605836
2/25/2021,214.5,216,214.2,214.8,743297
2/24/2021,212.5,216.7,212.5,214.1,411848
2/23/2021,217,219,210.3,212.2,819629
2/22/2021,222.8,223.1,216,217.7,583601
2/18/2021,224.5,224.5,223.2,223.5,1158279
2/17/2021,223.2,225.4,223.2,224.2,821522
2/16/2021,226,226.6,222.6,223.9,775378
2/15/2021,224.6,227.6,223.9,226.6,1395501
2/11/2021,226,228.7,224.2,225.9,1201742
2/10/2021,227,229.8,227,227.6,835998
2/9/2021,225.1,227,224.7,226.5,597626
2/8/2021,224,230.7,223.9,226.9,1241110
2/4/2021,225,231.2,224.5,229.6,983946
2/3/2021,225.5,227.5,222.3,225.5,582686
2/2/2021,227.5,229,224,224.9,580861
2/1/2021,233.1,233.1,225.5,227.5,631257
1/28/2021,236.5,237.8,233,236.2,619466
1/27/2021,237,237.1,232.3,234.5,1417255
1/26/2021,239.8,242,234.9,237,889176
1/25/2021,231.9,241.4,229.5,239.8,4318881
1/21/2021,227.7,231,223.5,229.7,918870
1/20/2021,230,231,224,226,1399479
1/19/2021,229.7,232,226.6,227.8,557768
1/18/2021,230.9,232.2,228,229.7,1016709
1/14/2021,237.8,239.5,233.6,238.3,1416531
1/13/2021,234,235.3,230,234.8,1598344
1/12/2021,232.7,235.6,228,234.4,1243076
1/11/2021,220.8,234.2,220,228.5,1691324
1/7/2021,224.5,226,221.4,223,767995
1/6/2021,225,226,219.3,224.4,1078069
1/5/2021,235,237,222,223.4,1263452
1/4/2021,238.1,247,228.1,231.6,2009630
12/30/2020,215.5,220.4,215.4,219.5,1821269
12/29/2020,217,221.3,215.7,218.1,1009863
12/28/2020,213.1,218.7,208.8,216.9,1961792
12/24/2020,204.9,208,204.2,207.6,891210
12/23/2020,202.9,206.1,201.2,205.1,1126655
12/22/2020,203.2,203.4,200,202.9,563068
12/21/2020,198.3,203.7,198.2,203.2,1054749
12/17/2020,200.8,201.7,198.5,200.5,512105
12/15/2020,202,204,199.1,199.9,500626
12/14/2020,197.5,202.1,196.2,201.1,868335
12/10/2020,195.5,197.4,195.5,196.9,359303
12/9/2020,196.7,197,195.5,196,518652
12/8/2020,197.9,197.9,194.6,196.7,487089
12/7/2020,193,198.1,193,197.5,938293
12/3/2020,185.4,188,185.4,187.1,680620
12/2/2020,184.5,186,184.4,185.4,543661
12/1/2020,185,185.5,184,184.7,482473
11/30/2020,188.4,189,183,183.9,771281
11/26/2020,192,192.7,188.4,190,474887
11/25/2020,191.8,193.4,191.6,192,320529
11/24/2020,191.9,192.9,191,191.9,301392
11/23/2020,196.1,196.1,186.5,191.9,1417966
11/19/2020,198,199.24,196.67,198.1,1226784.297
11/18/2020,198.1,198.19,196.19,197.81,728652.748
11/17/2020,200,200.29,196.95,197.81,716353.048
11/16/2020,195.24,199.9,194.29,199.62,1550937.146
11/12/2020,191.9,193.33,191.62,192.95,309369.8991
11/11/2020,192.19,192.57,191.62,191.9,398407.7989
11/10/2020,192.38,192.95,192,192.67,494822.9986
11/9/2020,192.38,193.24,192,192.76,240283.0493
11/5/2020,191.05,194.29,190.38,193.14,589517.2484
11/4/2020,192.19,192.19,189.81,191.05,264341.6993
11/3/2020,191.33,193.33,190.38,192.1,281665.6492
11/2/2020,190,191.43,188.57,190.1,417149.2489
10/29/2020,190.48,191.33,188.57,188.95,565758.8984
10/28/2020,192,192,187.81,190,959895.2974
10/27/2020,193.81,194.29,191.43,192.1,1258477.497
10/22/2020,194.38,196.57,193.52,195.33,533415.7485
10/21/2020,195.24,195.62,193.52,194.19,452492.2488
10/20/2020,194.76,195.81,193.9,194.19,340806.8991
10/19/2020,194,196.19,192.57,194.38,418145.6989
10/15/2020,196.19,196.67,194.19,195.14,425719.3488
10/14/2020,196.29,197.05,195.9,196.19,322866.5991
10/13/2020,195.81,197.9,195.71,196.29,503865.5986
10/12/2020,193.33,196.48,192.76,195.71,436984.7988
10/8/2020,194.48,194.76,192.38,192.86,399361.1989
10/7/2020,191.81,196.48,191.43,192.86,727366.498
10/6/2020,191.71,193.05,191.24,191.81,499448.2486
10/5/2020,193.05,193.62,191.43,191.71,633231.8983
10/1/2020,195.14,195.14,191.43,194.1,618486.7483
9/30/2020,195.81,195.9,193.9,194.29,586817.6984
9/29/2020,196.67,196.76,194.95,196.29,739455.148
9/28/2020,196.19,197.43,195.52,196.1,660291.4482
9/24/2020,197.14,197.81,195.81,196.29,640582.9482
9/23/2020,196.19,198.38,194.86,195.71,745530.4479
9/22/2020,200.48,200.57,194.76,195.81,966064.0473
9/21/2020,203.33,203.33,199.52,200,732053.698
9/17/2020,205.9,206.57,204.48,205.05,754589.8479
9/16/2020,207.05,207.14,205.62,205.9,581198.0984
9/15/2020,205.71,207.05,204,206.67,493250.0986
9/14/2020,206.57,206.57,204.1,205.62,893486.9975
9/10/2020,201.33,202.86,201.14,202.67,702653.6981
9/9/2020,203.43,203.43,200.48,201.24,1425674.246
9/8/2020,203.33,203.81,200.95,203.33,739874.098
9/7/2020,202.86,203.81,202.38,202.76,606416.9983
9/3/2020,204.29,204.67,202.57,203.14,915648.2975
9/2/2020,206.67,206.67,203.05,204.29,1710970.795
9/1/2020,209.52,210,204.86,206.29,683165.6981
8/31/2020,206.1,209.71,205.52,208.48,1625878.796
8/27/2020,207.62,208.95,205.24,206.1,905755.1975
8/26/2020,202.86,209.14,202.86,207.05,958761.2974
8/25/2020,201.14,203.71,200,202.67,937047.2974
8/24/2020,197.14,202.67,190,200.29,879464.2476
8/20/2020,194.29,197.43,192.86,195.62,1035689.547
8/19/2020,190.48,195.33,190.48,193.43,834370.9477
8/18/2020,193.52,196,189.14,190.29,1226831.547
8/17/2020,193.9,197.14,192.95,195.14,1239990.147
8/13/2020,196.19,198.86,191.71,192.95,1822583.695
8/12/2020,190.48,197.33,190.48,195.52,1985308.495
8/10/2020,190.48,195.24,188,190.48,1792548.445
8/6/2020,177.14,180.48,176.19,179.52,653850.7482
8/5/2020,177.62,178.48,175.05,175.9,654015.5982
8/4/2020,178.57,179.62,176.19,177.62,1130544.447
8/3/2020,172.38,179.05,172.38,178.1,1725815.695
7/30/2020,170.48,172.76,169.05,172.38,784974.7478
7/29/2020,170.48,171.24,169.05,170.67,335614.6491
7/28/2020,171.81,172.86,169.62,170.38,372455.999
7/27/2020,172.57,173.33,170.67,171.81,826910.6977
7/23/2020,166.86,166.86,166.19,166.38,577804.4984
7/22/2020,166.95,167.52,166.29,166.67,328247.8491
7/21/2020,166.67,167.62,166.38,166.95,672833.6981
7/20/2020,166.29,167.62,164.86,166.95,586501.6484
7/16/2020,169.52,169.52,166.57,168.19,362932.499
7/15/2020,173.81,174.19,169.14,169.81,503545.3486
7/14/2020,172.29,175.33,172.29,173.52,822043.9477
7/13/2020,172.38,175.33,170.19,172.29,1182949.947
7/9/2020,164.29,167.9,164.29,166.57,4014847.189
7/8/2020,164.29,164.29,164.29,164.29,177053.0995
7/7/2020,164.29,164.29,164.29,164.29,89618.54975
7/6/2020,164.29,164.29,164.29,164.29,502050.1486
7/2/2020,164.29,164.29,164.29,164.29,54039.29985
6/30/2020,164.29,164.29,164.29,164.29,282188.5492
6/29/2020,164.29,164.29,164.29,164.29,205783.1994
6/25/2020,164.29,164.29,164.29,164.29,86025.44976
6/24/2020,164.29,164.29,164.29,164.29,63595.34983
6/23/2020,164.29,164.29,164.29,164.29,64510.94982
6/22/2020,164.29,164.29,164.29,164.29,70761.59981
6/18/2020,164.29,164.29,164.29,164.29,62959.04983
6/17/2020,164.29,164.29,164.29,164.29,47533.49987
6/16/2020,164.29,164.29,164.29,164.29,43148.69988
6/15/2020,164.29,164.29,164.29,164.29,48943.64987
6/11/2020,164.29,164.29,164.29,164.29,116110.0497
6/10/2020,164.29,164.29,164.29,164.29,139677.2996
6/9/2020,164.29,164.38,164.29,164.29,232796.5494
6/8/2020,164.29,164.29,164.29,164.29,173415.8995
6/4/2020,164.29,164.29,164.29,164.29,94907.39974
6/3/2020,164.29,164.29,164.29,164.29,191395.0495
6/2/2020,167.33,167.33,164.29,164.29,994538.9973
6/1/2020,180.95,186.76,166.19,167.33,1524665.096
3/25/2020,164.29,164.29,164.29,164.29,286832.6992
3/24/2020,164.29,164.29,164.29,164.29,145951.0496
3/23/2020,164.29,164.29,164.29,164.29,311153.8491
3/19/2020,162.29,162.29,162.29,162.29,69478.49981
3/18/2020,157.14,164,149.05,151.9,1211672.697
3/16/2020,169.52,169.52,152.38,156.38,1551761.396
3/12/2020,172.86,172.95,169.33,171.24,582698.5484
3/11/2020,171.81,174.48,170.86,172.86,758192.3979
3/10/2020,165.71,172.57,164.76,169.81,900297.2975
3/9/2020,177.14,177.14,163.52,165.05,926612.3975
3/5/2020,178.1,179.52,176.19,176.38,384314.6989
3/4/2020,182.86,182.86,176.19,177.43,471003.7487
3/3/2020,183.71,183.81,181.14,181.9,917269.4975
3/2/2020,184.29,184.29,180.57,182.1,423229.7988
2/27/2020,189.52,189.52,183.81,184.19,481033.3487
2/26/2020,190.76,191.43,187.62,187.71,597034.1984
2/25/2020,191.52,194.19,190.48,190.57,719154.448
2/24/2020,195.52,196.19,192.86,193.81,390637.7989
2/20/2020,196.19,199.33,195.05,198,681355.4981
2/19/2020,197.14,197.14,194.29,195.71,391130.2489
2/18/2020,197.14,201.52,196.29,196.86,654600.4482
2/17/2020,194.38,197.71,194,196.29,478404.1487
2/13/2020,188.1,190.38,188.1,189.62,296611.3492
2/12/2020,188.57,189.52,187.71,188.19,312045.2991
2/13/2020,188.57,190.29,188.1,188.48,290311.3492
2/14/2020,187.05,188.48,186.67,187.71,210645.7494
2/15/2020,188.57,189.52,187.43,187.71,182698.9495
2/16/2020,187.24,190.48,187.24,190.19,315826.3491
2/17/2020,187.71,188.48,187.52,187.62,559727.6985
2/18/2020,187.71,188,187.14,187.71,564792.8984
2/19/2020,188.1,192.19,188.1,188.76,507435.5986
2/20/2020,188.48,189.05,187.71,188,400103.5489
2/21/2020,188.76,189.05,188.1,188.57,619536.7483
2/22/2020,188.76,189.05,188,188.57,824701.4977
2/23/2020,189.9,192.38,188.57,189.43,1016824.197
2/24/2020,186.76,191.14,186.19,189.33,820705.1977
2/25/2020,186.67,190.67,182.86,185.81,1461794.246
2/26/2020,186.67,191.43,184,185.9,1253056.347
2/27/2020,158.57,171.43,158.19,169.9,1284242.396
2/28/2020,155.81,160,155.81,158.1,983206.3473
2/29/2020,160,160.48,153.33,154.95,508518.1486
3/1/2020,164.29,164.29,159.71,160.29,181431.5995
3/2/2020,166.76,166.76,161.9,162.48,448204.0488
3/3/2020,173.14,173.33,165.71,166.76,489740.9987
3/4/2020,176.19,176.19,171.52,172,248632.6493
3/5/2020,176.95,177.62,172.67,174.19,515480.6986
3/6/2020,180,180.86,179.05,180,610887.8983
3/7/2020,181.14,183.24,179.05,179.71,152668.9496
3/8/2020,180.1,182,179.43,180.95,428824.1988
3/9/2020,177.14,179.9,177.14,179.33,313276.9491
3/10/2020,174.29,179.71,174.29,177.05,535903.1985
3/11/2020,173.43,174.57,172.1,173.33,670921.6482
3/12/2020,174.76,174.76,173.71,174.29,247817.8493
3/13/2020,177.9,177.9,172.38,173.71,540187.1985
3/14/2020,181.33,181.33,177.05,177.9,398852.9989
3/15/2020,181.81,182.19,179.52,180.95,516593.6986
3/16/2020,180.95,181.9,178.76,181.05,351431.849
3/17/2020,182.1,184.38,177.14,178.38,694760.8481
3/18/2020,188.76,188.76,181.33,182,484605.4487
3/19/2020,191.81,192.29,190,190.29,279351.4492
3/20/2020,190.86,194,190.76,191.81,232203.2994
3/21/2020,196.48,196.48,189.05,190.86,411636.7489
3/22/2020,201.71,201.71,194.19,195.14,478384.1987
3/23/2020,203.52,203.71,197.71,198.38,514765.6486
3/24/2020,202.29,202.86,200.95,201.71,951703.1974
3/25/2020,203.81,203.81,201.9,202.29,409896.8989
3/26/2020,204.67,205.71,202.57,203.52,285592.6492
3/27/2020,206.57,209.52,206.1,207.52,383315.0989
3/28/2020,214.19,214.19,201.9,204.19,1020020.397
3/29/2020,212.73,213.97,211.84,212.37,320285.1346
3/30/2020,216.29,216.29,209.61,211.21,554448.3763
3/31/2020,214.51,217.18,214.06,215.93,270097.2659
4/1/2020,211.57,214.95,211.48,214.33,178671.3294
4/2/2020,211.84,212.55,211.13,211.48,290874.1515
4/3/2020,211.57,212.19,210.95,211.84,333172.8032
4/4/2020,210.68,211.84,209.88,210.95,386940.1429
4/5/2020,210.32,210.86,209.52,209.97,365454.3288
4/6/2020,211.3,211.75,209.79,210.32,163109.7308
4/7/2020,211.84,211.84,208.99,209.26,185740.3914
4/8/2020,211.84,212.46,209.17,211.39,171887.6364
4/9/2020,213.44,214.51,210.06,210.59,263627.0293
4/10/2020,214.6,214.6,211.93,212.19,320734.5346
4/11/2020,213.62,214.24,212.46,213.8,228265.9901
4/12/2020,212.02,214.15,211.39,212.11,241981.6782
4/13/2020,210.95,213.62,208.28,212.02,254362.6483
4/14/2020,214.33,214.33,208.63,210.86,385962.6979
4/15/2020,213.35,213.62,210.59,212.02,479092.9839
4/16/2020,215.4,216.29,211.66,212.28,342842.7677
4/17/2020,213.44,214.51,213.17,213.89,633479.8607
4/18/2020,214.24,215.04,212.46,213,542113.4697
4/19/2020,214.15,214.15,210.95,211.57,314541.8026
4/20/2020,213.17,215.04,212.37,214.15,967959.2943
4/21/2020,210.06,212.73,208.99,211.93,197722.519
4/22/2020,208.63,209.97,208.37,208.9,111710.7291
4/23/2020,209.17,209.88,207.83,208.63,322523.1466
4/24/2020,210.24,210.5,208.72,209.52,76110.38438
4/25/2020,211.66,211.66,210.06,210.15,297180.357
4/26/2020,209.88,210.06,208.72,209.35,224088.8171
4/27/2020,211.75,211.75,207.12,208.99,258669.0238
4/28/2020,210.68,210.86,207.65,208.99,499563.154
4/29/2020,211.84,216.11,209.79,210.59,433427.2027
4/30/2020,203.83,208.19,201.16,201.96,708497.0795
5/1/2020,210.5,212.64,201.07,203.65,742913.2552
5/2/2020,215.75,215.75,209.17,210.41,582532.5059
5/3/2020,216.29,216.29,214.69,215.31,215099.6936
5/4/2020,217.36,217.98,215.49,217.09,358979.5983
5/5/2020,219.85,219.85,216.56,217.27,443853.2827
5/6/2020,219.85,221.09,218.96,219.49,155493.5243
5/7/2020,219.05,221.45,218.96,219.4,183464.1804
5/8/2020,222.52,222.52,218.25,218.87,437061.7252
5/9/2020,222.87,223.32,222.25,222.61,201063.808
5/10/2020,223.41,224.3,222.25,223.23,287080.0919
5/11/2020,225.63,225.63,224.03,224.21,189083.9274
5/12/2020,226.44,227.33,225.01,225.28,105212.405
5/13/2020,223.85,226.52,223.85,225.72,628463.4331
5/14/2020,223.68,224.21,223.05,223.68,285013.9754
5/15/2020,223.77,224.66,223.5,223.94,217809.5756
5/16/2020,223.5,224.3,223.41,223.59,199770.6595
5/17/2020,223.41,224.74,223.23,223.5,176823.1719
5/18/2020,223.5,224.3,223.05,223.23,340180.0727
5/19/2020,225.46,225.46,223.32,223.5,310636.5166
5/20/2020,224.03,225.28,223.68,225.19,275793.4109
5/21/2020,225.55,225.63,223.59,223.94,450249.3683
5/22/2020,223.85,225.37,223.77,225.01,1217839.178
5/23/2020,224.12,224.3,223.05,224.21,460137.2918
5/24/2020,223.68,224.66,223.05,223.32,400608.644
5/25/2020,223.5,224.66,223.41,223.68,419475.5796
5/26/2020,223.05,224.92,223.05,223.77,581198.9114
5/27/2020,222.79,223.41,222.25,222.52,585743.4689
5/28/2020,223.41,223.41,221.81,222.52,656032.9998
5/29/2020,223.23,224.3,222.43,223.14,322891.6546
5/30/2020,224.92,225.55,219.85,220.38,564453.1438
5/31/2020,226.97,227.86,226.52,226.79,177543.3354
6/1/2020,227.33,227.68,226.61,226.88,144265.2652
6/2/2020,225.46,228.48,225.19,227.33,209017.0645
6/3/2020,228.39,229.64,224.57,225.37,383382.0184
6/4/2020,229.28,230.08,229.28,229.82,185712.3039
6/5/2020,229.73,229.82,229.19,229.73,151579.2503
6/6/2020,230.44,230.44,229.37,229.73,199879.639
6/7/2020,229.82,231.42,229.19,229.82,359372.8233
6/8/2020,231.42,232.04,230.53,231.33,145941.5272
6/9/2020,231.06,233.11,229.91,231.6,339647.5337
6/10/2020,234.27,234.27,230.17,230.62,412494.1506
6/11/2020,234.53,235.78,233.91,234.53,1116926.407
6/12/2020,232.04,234.89,232.04,234.45,450328.0133
6/13/2020,231.86,232.93,231.78,232.04,426208.7151
6/14/2020,232.31,232.75,231.42,232.49,218594.9021
6/15/2020,232.31,233.2,230.89,232.04,218678.0411
6/16/2020,229.64,232.31,229.55,231.6,297666.8325
6/17/2020,226.97,230.97,226.97,229.19,289754.022
6/18/2020,227.15,227.24,225.01,226.17,493042.36
6/19/2020,229.19,230,228.75,229.55,289433.8245
6/20/2020,229.64,230,228.75,229.11,202031.1415
6/21/2020,228.57,230,228.22,229.37,618837.2851
6/22/2020,226.79,228.22,226.08,228.04,173902.0719
6/23/2020,227.41,227.86,226.17,226.79,173702.0889
6/24/2020,224.3,228.84,223.41,227.15,179529.6834
6/25/2020,220.47,225.28,219.4,224.21,560342.2573
6/26/2020,220.74,220.74,217.98,218.78,924773.0776
6/27/2020,221.63,222.43,220.74,221.01,133388.6617
6/28/2020,222.52,223.14,221.18,221.45,272901.5219
6/29/2020,222.07,222.52,220.92,221.54,131011.3357
6/30/2020,225.19,226.61,221.36,222.07,169423.8008
7/1/2020,222.07,222.07,221.01,221.36,199231.3795
7/2/2020,226.26,227.68,218.51,221.09,500943.9355
7/3/2020,227.15,228.57,225.63,226.26,219946.4726
7/4/2020,229.28,230.53,226.08,226.97,308067.072
7/5/2020,230.26,230.53,228.75,229.28,142272.1762
7/6/2020,230.97,230.97,229.64,230.17,120334.7151
7/7/2020,233.2,233.2,230.62,230.89,205066.8385
7/8/2020,233.29,234.36,232.22,233.02,143737.2202
7/9/2020,231.42,233.64,230.8,231.42,286964.3714
7/10/2020,230.53,233.2,229.73,231.33,277752.7949
7/11/2020,230.53,231.06,228.39,229.28,227730.0806
7/12/2020,230.08,232.31,229.73,230.89,113155.5501
7/13/2020,229.64,231.15,227.86,229.02,159329.1533
7/14/2020,231.6,231.6,228.57,228.93,122360.3856
7/15/2020,229.73,231.6,229.28,230.53,188322.1944
7/16/2020,228.57,231.24,228.04,229.82,213195.3611
7/17/2020,231.69,232.75,227.33,228.39,311516.2171
7/18/2020,234.53,234.53,231.42,231.69,327726.0751
7/19/2020,232.31,234.45,231.51,233.56,169156.4078
7/20/2020,233.29,235.07,231.42,231.69,235384.4862
7/21/2020,233.73,235.78,231.6,233.91,218247.7406
7/22/2020,236.76,236.76,231.42,232.13,459012.6683
7/23/2020,237.65,238.54,237.21,238.1,131098.9687
7/24/2020,238.54,238.54,237.21,237.65,259083.5953
7/25/2020,237.92,239.52,237.74,238.54,195604.7215
7/26/2020,237.56,239.25,237.47,237.74,204696.0835
7/27/2020,238.63,239.61,238.27,238.63,167350.9433
7/28/2020,239.61,242.1,237.65,238.27,603497.016
7/29/2020,239.79,241.57,238.81,239.88,177260.2134
7/30/2020,242.46,242.46,240.05,240.23,238429.1712
7/31/2020,242.19,242.9,239.88,242.28,639609.6767
8/1/2020,238.01,242.81,237.21,242.19,593615.8335
8/2/2020,237.12,238.9,236.94,237.92,827780.1986
8/3/2020,236.32,239.07,236.32,238.18,773229.7794
8/4/2020,237.92,238.54,236.4,237.12,372396.4354
8/5/2020,238.54,239.79,237.47,238.99,483913.9224
8/6/2020,242.1,242.1,237.65,238.54,235541.7762
8/7/2020,237.38,240.32,237.38,238.27,261766.5133
8/8/2020,237.74,239.34,236.94,237.38,607844.961
8/9/2020,240.41,240.5,237.03,238.63,771235.5669
8/10/2020,242.63,242.63,239.43,240.41,1327839.94
8/11/2020,245.84,245.84,242.37,243.7,644496.9017
8/12/2020,243.97,246.82,243.97,245.75,1627686.362
8/13/2020,241.21,244.15,241.21,243.97,1848810.263
8/14/2020,239.43,240.94,238.36,240.23,1815364.791
8/15/2020,236.76,240.23,235.87,238.9,907221.7605
8/16/2020,234.98,237.21,234.98,236.76,703271.681
8/17/2020,235.43,236.67,234.45,234.98,493533.3295
8/18/2020,237.56,237.56,235.07,235.6,249452.9532
8/19/2020,235.16,237.56,235.16,236.49,409062.9815
8/20/2020,236.76,238.27,235.6,236.49,330206.7632
8/21/2020,235.16,238.54,234.53,237.65,416502.7986
8/22/2020,237.65,240.14,234.27,234.98,637833.4232
8/23/2020,238.54,238.54,236.32,237.21,270609.5819
8/24/2020,236.76,239.25,234.98,237.83,336297.2567
8/25/2020,237.83,238.9,233.73,234.36,503590.9015
8/26/2020,242.99,242.99,235.78,237.47,513691.1666
8/27/2020,242.63,243.08,241.83,242.63,634479.7757
8/28/2020,239.7,242.72,238.18,241.83,1181910.771
8/29/2020,238.54,238.54,235.34,235.87,595316.8125
8/30/2020,238.27,239.34,236.76,237.74,452708.7098
8/31/2020,235.6,240.14,235.25,238.36,1244609.936
9/1/2020,233.64,235.43,233.47,234.8,1031405.587
9/2/2020,236.14,236.32,234.53,234.98,398995.298
9/3/2020,234.89,238.54,234.09,236.14,622232.5021
9/4/2020,233.29,235.78,233.29,235.07,599133.342
9/5/2020,234.8,234.8,232.67,233.02,492755.8675
9/6/2020,234,234.98,232.58,233.82,447200.1892
9/7/2020,231.33,233.64,231.24,233.02,758281.6118
9/8/2020,228.75,231.51,228.57,230.44,380791.2274
9/9/2020,230.35,230.89,227.5,228.57,505772.7385
9/10/2020,226.08,227.59,225.1,226.79,501703.4215
9/11/2020,226.08,226.97,224.3,225.46,505258.1755
9/12/2020,226.97,227.33,225.28,225.81,184477.5774
9/13/2020,225.46,226.52,225.19,226.26,362616.3678
9/14/2020,223.5,225.99,223.41,225.46,199814.476
9/15/2020,223.23,224.12,223.05,223.68,601611.783
9/16/2020,222.52,222.7,220.83,221.36,247121.6907
9/17/2020,223.41,223.5,220.56,221.01,709640.8026
9/18/2020,223.68,226.17,222.7,223.23,356286.5688
9/19/2020,222.34,224.12,220.74,223.14,458173.4138
9/20/2020,220.92,223.41,219.94,220.65,1068797.914
9/21/2020,224.3,224.66,220.29,220.92,614821.8961
9/22/2020,225.63,226.97,223.59,224.03,330125.8712
9/23/2020,226.35,226.97,222.52,226.44,878550.0404
9/24/2020,228.93,229.11,224.48,225.72,343641.5762
9/25/2020,231.42,231.95,228.39,229.11,417498.2196
9/26/2020,231.42,232.04,230.26,231.33,789214.9375
9/27/2020,232.31,233.56,230.97,231.42,454336.6613
9/28/2020,230.53,235.43,230.08,234.53,873133.6469
9/29/2020,229.64,231.33,226.08,229.73,807404.4025
9/30/2020,229.17,230.01,226.84,228.34,665982.3278
10/1/2020,229.59,233.33,228.76,231.42,1045648.575
10/2/2020,224.52,228.76,223.52,228.26,730746.6883
10/3/2020,221.02,223.77,220.94,222.6,532915.6939
10/4/2020,219.61,220.44,218.44,218.86,296273.4476
10/5/2020,220.77,221.69,218.44,218.86,278146.3029
10/6/2020,220.44,222.77,218.69,220.69,361082.2875
10/7/2020,225.1,225.1,217.61,218.53,687745.9611
10/8/2020,220.44,221.27,219.61,220.11,135734.1937
10/9/2020,219.44,220.86,219.44,220.27,95866.25639
10/10/2020,219.94,220.36,219.19,219.44,381066.7463
10/11/2020,219.61,221.19,219.03,219.86,351520.4261
10/12/2020,222.35,222.35,219.19,219.52,147758.0481
10/13/2020,222.93,223.35,221.27,222.27,871876.1088
10/14/2020,222.35,223.02,220.86,222.19,209024.1667
10/15/2020,217.53,221.77,217.53,221.1,389963.8215
10/16/2020,220.02,221.27,217.94,218.61,281214.177
10/17/2020,219.36,221.02,217.69,219.36,270278.2638
10/18/2020,219.61,220.44,217.61,218.03,412233.5579
10/19/2020,224.35,224.35,217.94,218.78,897398.8497
10/20/2020,222.44,223.6,220.36,221.02,298293.0512
10/21/2020,224.18,224.18,221.77,222.35,322450.1553
10/22/2020,223.6,225.35,223.02,223.6,533926.6978
10/23/2020,226.68,228.76,222.77,223.02,358501.2822
10/24/2020,231.17,231.17,225.6,226.59,301464.3098
10/25/2020,234.75,234.75,230.34,231,272856.8649
10/26/2020,225.68,236.74,225.68,233,945485.8524
10/27/2020,224.68,226.1,223.02,225.68,195657.5163
10/28/2020,225.35,227.59,223.35,225.76,398483.4233
10/29/2020,226.26,227.09,225.1,225.35,129818.4381
10/30/2020,228.76,228.76,226.26,226.68,129088.736
10/31/2020,226.68,228.59,225.26,227.18,227031.0969
11/1/2020,226.18,227.01,223.77,224.85,200111.4635
11/2/2020,226.26,227.93,225.43,226.1,142718.6562
11/3/2020,222.93,226.35,222.02,225.51,264975.6021
11/4/2020,223.02,223.77,222.19,222.69,162668.2528
11/5/2020,223.77,223.77,221.27,221.69,326472.5325
11/6/2020,224.6,226.18,221.27,221.77,350363.9626
11/7/2020,226.26,226.26,224.18,224.76,197778.1001
11/8/2020,227.01,227.01,224.18,224.68,231232.5937
11/9/2020,226.76,227.76,223.43,224.68,465518.6357
11/10/2020,225.43,227.34,224.6,226.35,391712.9425
11/11/2020,227.93,227.93,224.68,225.18,287081.8468
11/12/2020,228.76,228.76,226.18,226.59,389300.2375
11/13/2020,230.59,231.67,228.34,228.84,454662.0641
11/14/2020,231.25,231.92,229.67,230.42,327014.6999
11/15/2020,232.58,232.67,230.5,231,394467.0568
11/16/2020,232.83,232.92,231.25,232,266896.6299
11/17/2020,231.25,233.08,230.42,230.75,511278.2858
11/18/2020,230.59,232.5,229.17,230.59,691351.194
11/19/2020,231.84,232,229.84,230.5,285476.9832
11/20/2020,231.75,233.33,230.67,231,278616.3416
11/21/2020,229.84,233.67,229.01,229.76,241037.2884
11/22/2020,227.93,229.51,226.93,227.09,400089.489
11/23/2020,223.68,228.92,222.27,228.09,229728.7103
11/24/2020,224.6,225.85,221.27,221.69,463188.8787
11/25/2020,228.76,229.26,227.51,227.84,180809.8232
11/26/2020,229.34,231.42,228.76,229.42,179374.462
11/27/2020,226.26,230.26,226.26,229.34,153093.1677
11/28/2020,224.6,227.93,224.1,226.59,229918.6492
11/29/2020,226.01,228.84,225.43,227.01,240861.7753
11/30/2020,222.93,227.09,222.93,226.01,253520.3623
12/1/2020,220.44,224.76,220.02,222.6,271485.2174
12/2/2020,221.44,222.02,218.78,219.77,396216.1778
12/3/2020,227.09,227.09,223.77,224.43,417654.0298
12/4/2020,227.09,228.76,224.52,225.51,583170.1641
12/5/2020,226.26,228.51,226.26,227.09,474050.2589
12/6/2020,229.59,230.42,227.01,227.76,682765.4743
12/7/2020,232.92,233.75,231.25,231.5,373415.0932
12/8/2020,231.92,232.92,230.01,232,227830.5233
12/9/2020,234.41,234.5,229.59,230.09,826404.9736
12/10/2020,234.58,236.24,232.92,233.75,295989.7414
12/11/2020,237.08,237.74,233.83,234.5,302142.3196
12/12/2020,237.16,240.24,234.58,236.08,350056.2135
12/13/2020,236.66,238.74,236.58,236.74,271530.8989
12/14/2020,237.91,239.49,236.49,237.08,419690.4635
12/15/2020,236.16,238.32,234.58,236.58,323027.1849
12/16/2020,238.66,238.66,235.58,236.16,223225.1058
12/17/2020,238.74,239.57,235.25,235.66,151529.177
12/18/2020,244.56,244.56,236.41,236.83,683703.1475
12/19/2020,243.73,245.39,240.4,243.81,602023.4044
12/20/2020,243.23,245.39,241.24,242.65,620570.0977
12/21/2020,243.15,244.56,241.65,242.57,291023.6803
12/22/2020,244.31,246.23,242.9,243.15,293902.8176
12/23/2020,237.08,239.82,237.08,238.74,465543.8808
12/24/2020,237.82,237.91,234.66,235.83,529528.0492
12/25/2020,237.41,238.74,235,236.74,509958.3305
12/26/2020,237.99,238.16,236.74,237.16,348963.4636
12/27/2020,236.91,238.57,235.41,237.74,484518.5377
12/28/2020,233.58,236.16,233.58,234.58,857646.3183
12/29/2020,239.32,239.32,235.33,236.16,366604.9417
12/30/2020,245.31,245.31,236.58,236.99,504593.1573
12/31/2020,236.41,241.24,236.41,241.15,525280.8709
1/1/2021,232.58,237.08,229.09,236.41,545135.498
1/2/2021,238.32,238.32,233.33,234.75,679395.8619
1/3/2021,239.9,241.9,237.41,238.32,271700.4014
1/4/2021,244.98,244.98,239.16,239.9,354083.3993
1/5/2021,246.23,247.39,242.48,242.9,335156.8281
1/6/2021,241.4,242.9,240.07,242.82,200737.7811
1/7/2021,244.15,244.15,240.99,241.73,361638.8807
1/8/2021,245.73,248.56,243.56,244.06,305306.3653
1/9/2021,244.56,253.71,244.06,245.23,463091.505
1/10/2021,251.97,252.63,245.81,246.64,367903.2584
1/11/2021,251.22,253.3,248.22,249.64,478665.2936
1/12/2021,251.38,252.55,251.3,251.72,191035.2687
1/13/2021,251.22,251.97,250.22,251.3,205070.3117
1/14/2021,253.55,253.55,249.47,251.38,364754.8406
1/15/2021,250.47,252.63,249.55,252.13,493797.8951
1/16/2021,252.47,252.88,248.72,249.89,766273.68
1/17/2021,253.71,254.46,251.88,252.05,533047.9298
1/18/2021,255.63,256.96,252.8,253.13,425632.6663
1/19/2021,259.54,259.54,254.88,255.29,705213.1282
1/20/2021,259.54,259.54,258.04,258.54,264666.6509
1/21/2021,259.54,260.28,257.87,258.54,466148.5597
1/22/2021,260.37,260.78,257.46,258.87,476876.5018
1/23/2021,261.2,262.03,259.62,260.2,278618.7459
1/24/2021,260.78,263.2,260.12,262.03,511002.9945
1/25/2021,261.53,261.53,259.95,260.28,265482.9073
1/26/2021,261.78,261.78,260.37,261.03,312717.5893
1/27/2021,261.45,261.95,259.29,260.87,234066.0495
1/28/2021,261.95,262.28,260.87,261.12,355190.5748
1/29/2021,263.94,263.94,260.87,261.7,238976.8119
1/30/2021,264.53,265.28,263.11,263.53,272141.5886
1/31/2021,261.53,265.11,261.12,263.61,450104.7324
2/1/2021,260.78,262.86,260.78,262.2,386846.6595
2/2/2021,261.87,262.03,260.53,261.28,304972.1689
2/3/2021,262.03,262.86,260.62,261.03,283367.2187
2/4/2021,260.78,263.03,259.95,262.03,402657.2707
2/5/2021,253.13,261.2,253.13,257.87,680742.2643
2/6/2021,256.29,257.71,252.88,253.55,567544.6832
2/7/2021,258.87,259.37,256.21,256.38,374596.8018
2/8/2021,261.2,262.36,257.87,259.54,295210.7514
2/9/2021,263.28,263.28,259.54,260.12,449575.7886
2/10/2021,261.95,261.95,260.37,261.03,214402.5635
2/11/2021,262.95,262.95,261.03,261.45,214001.0471
2/12/2021,261.62,263.28,259.62,262.28,256625.5029
2/13/2021,259.54,261.45,259.45,260.87,224466.9216
2/14/2021,260.95,261.12,257.87,259.45,246725.8387
2/15/2021,263.53,263.53,260.2,260.87,220196.9025
2/16/2021,263.45,264.53,260.87,262.95,374498.2259
2/17/2021,264.53,265.11,263.28,263.45,116559.9807
2/18/2021,264.53,264.53,261.87,263.94,283005.3731
2/19/2021,264.19,264.94,261.2,263.03,141512.9048
2/20/2021,262.03,264.86,260.2,262.95,296234.979
2/21/2021,261.78,262.86,258.45,260.62,437578.3813
2/22/2021,258.29,262.78,256.96,261.78,465270.9939
2/23/2021,259.95,259.95,256.04,256.96,619405.2192
2/24/2021,269.35,269.35,263.7,264.36,539859.2835
2/25/2021,269.44,269.52,265.77,266.11,539214.9338
2/26/2021,268.85,270.27,267.44,267.69,273385.8087
2/27/2021,270.77,270.77,269.27,269.44,419546.2061
2/28/2021,272.01,272.01,270.02,270.35,414905.9263
3/1/2021,272.18,272.76,271.1,271.51,339340.2928
3/2/2021,276.17,276.17,271.35,272.35,717648.1162
3/3/2021,270.35,272.51,270.35,272.01,563096.7466
3/4/2021,268.77,272.01,268.69,270.52,436276.4582
3/5/2021,271.51,272.43,269.6,270.1,321519.6951
3/6/2021,271.85,271.85,266.19,270.18,636787.0339
3/7/2021,272.01,273.26,270.52,272.1,414611.4008
3/8/2021,273.68,273.68,266.02,271.18,924621.4235
3/9/2021,276.01,276.09,271.18,272.1,252995.0249
3/10/2021,269.77,274.93,267.85,274.51,767258.2367
3/11/2021,274.59,274.59,270.35,274.09,785028.3444
3/12/2021,277,277.17,273.01,274.51,999832.4243
3/13/2021,278.67,278.67,272.85,277.17,1628007.291
3/14/2021,270.35,278.67,269.44,277.67,2246200.748
3/15/2021,262.03,269.52,262.03,268.94,1685997.565
3/16/2021,258.7,266.27,258.7,262.86,1941615.67
3/17/2021,256.21,258.7,256.13,258.21,839058.7521
3/18/2021,254.63,257.37,254.54,256.71,1193519.625
3/19/2021,254.05,256.21,254.05,255.38,937974.8504
3/20/2021,253.63,255.71,252.88,254.21,306891.9945
3/21/2021,252.22,252.88,251.47,252.8,449962.8792
3/22/2021,253.63,253.71,251.22,252.13,433887.7961
3/23/2021,255.88,256.79,252.88,253.96,370347.2192
3/24/2021,253.05,256.21,252.88,255.79,463691.3753
3/25/2021,251.05,253.71,251.05,253.05,435432.5524
3/26/2021,251.13,252.05,249.64,251.05,210669.9032
3/27/2021,248.06,251.3,247.64,251.05,778515.1227
3/28/2021,248.81,249.47,247.89,248.06,316915.4797
3/29/2021,250.47,251.8,247.89,248.22,442514.3887
3/30/2021,249.55,252.05,247.89,250.14,414950.4057
3/31/2021,249.72,249.89,248.97,249.22,738900.838
4/1/2021,250.64,251.05,249.47,249.89,424179.273
4/2/2021,250.55,250.8,249.8,250.39,763136.0815
4/3/2021,251.38,252.47,250.55,251.13,303124.4721
4/4/2021,252.88,253.3,250.47,251.47,269603.8604
4/5/2021,251.38,253.71,250.55,252.96,702211.3721
4/6/2021,253.71,254.05,251.3,251.72,489405.2572
4/7/2021,258.21,259.04,256.29,256.71,270949.0607
4/8/2021,254.71,258.87,254.13,258.21,1487519.816
4/9/2021,255.38,255.46,254.05,254.38,392140.9062
4/10/2021,249.64,256.13,249.55,255.54,1049369.214
4/11/2021,250.47,251.63,250.3,251.05,696768.0595
4/12/2021,251.22,252.05,250.05,250.39,384978.5262
4/13/2021,253.55,253.55,249.97,251.47,467664.4646
4/14/2021,253.71,254.13,251.38,251.97,573678.0271
4/15/2021,254.54,257.54,253.13,254.13,744951.2338
4/16/2021,252.88,257.04,252.63,254.63,1235458.858
4/17/2021,257.87,257.87,253.3,253.71,890297.7791
4/18/2021,252.05,258.87,251.22,258.54,1918179.853
4/19/2021,245.23,247.89,244.65,247.22,1212930.66
4/20/2021,239.9,245.73,239.9,244.31,1638909.544
4/21/2021,232.75,239.57,230.59,237.99,1487355.122
4/22/2021,229.84,232.92,229.67,230.59,822400.6286
4/23/2021,244.65,244.65,229.92,232,1039991.281
4/24/2021,229.82,230.29,229.36,229.9,825870.0262
4/25/2021,229.13,229.82,229.05,229.74,500454.4887
4/26/2021,230.44,230.44,228.51,229.43,401497.4601
4/27/2021,230.21,230.21,228.35,228.82,323412.4634
4/28/2021,228.35,230.75,228.27,230.13,327877.3801
4/29/2021,228.27,229.98,227.5,229.2,563469.9068
4/30/2021,229.82,229.82,225.02,225.57,512377.3025
5/1/2021,229.28,230.52,227.89,228.12,398320.9723
5/2/2021,231.37,231.37,229.13,229.59,312842.6938
5/3/2021,231.45,232.14,229.82,230.21,414673.8106
5/4/2021,230.13,232.92,229.98,231.52,414868.9488
5/5/2021,229.82,230.6,228.51,230.05,368476.4609
5/6/2021,229.9,229.9,225.95,229.28,855991.0911
5/7/2021,233.54,233.54,228.27,229.82,310771.1275
5/8/2021,235.7,235.7,231.45,232.76,452491.8492
5/9/2021,235.55,236.01,232.92,234.46,416747.9615
5/10/2021,235.47,236.4,234.46,235.55,344859.5714
5/11/2021,237.64,239.03,235.24,235.63,632136.5785
5/12/2021,233.69,236.01,232.92,235.24,361930.9317
5/13/2021,236.01,236.01,232.99,233.69,548378.3591
5/14/2021,235.24,235.24,233.3,233.77,495404.1574
5/15/2021,238.95,238.95,232.38,234.46,459063.2245
5/16/2021,237.17,239.03,236.24,236.79,452635.2951
5/17/2021,237.56,239.11,237.17,238.33,569316.2985
5/18/2021,237.56,239.88,236.79,238.1,382665.9792
5/19/2021,240.73,241.43,237.41,237.87,657420.5425
5/20/2021,235.55,237.48,234.54,235.93,395317.6535
5/21/2021,238.88,238.88,234.54,235.7,643238.7781
5/22/2021,239.11,241.43,238.64,238.88,496178.2486
5/23/2021,242.82,243.6,238.33,238.95,622029.4544
5/24/2021,237.48,247.46,237.48,243.91,1315648.776
5/25/2021,233.3,238.88,232.61,237.64,1060644.523
5/26/2021,233.85,236.4,232.99,233.69,750533.764
5/27/2021,231.14,237.48,231.14,233.69,1354398.567
5/28/2021,222.55,225.88,222.32,225.33,1573847.609
5/29/2021,223.63,224.41,221.54,222.39,310135.3131
5/30/2021,224.25,225.88,222.08,223.63,515649.421
5/31/2021,222.08,224.41,221.54,224.25,513396.9319
6/1/2021,219.76,221.93,219.76,221.39,586012.8902
6/2/2021,219.3,219.92,218.68,219.76,175946.1499
6/3/2021,217.6,218.21,217.36,218.06,238579.0455
6/4/2021,218.91,218.91,217.67,217.91,512385.0564
6/5/2021,217.44,218.21,216.74,217.52,157795.7142
6/6/2021,217.44,218.14,216.36,217.83,214366.403
6/7/2021,217.05,217.44,215.89,216.43,297472.008
6/8/2021,216.51,217.6,215.51,216.9,266003.0681
6/9/2021,217.83,217.83,216.74,216.9,449540.2226
6/10/2021,218.99,218.99,217.52,218.14,224598.8808
6/11/2021,219.14,219.68,218.21,219.07,206410.9682
6/12/2021,219.84,219.84,217.83,218.83,341565.4838
6/13/2021,217.83,218.21,217.83,217.98,333686.295
6/14/2021,218.68,218.99,217.67,217.91,722983.0955
6/15/2021,218.76,218.99,218.06,218.14,768761.7381
6/16/2021,218.99,219.22,218.37,218.76,306158.8879
6/17/2021,218.6,219.22,218.6,219.14,210828.0696
6/18/2021,221.08,221.08,218.29,218.83,657302.9427
6/19/2021,218.29,219.22,218.29,218.68,258658.8939
6/20/2021,218.21,218.91,218.06,218.21,412639.7212
6/21/2021,218.76,220.23,217.91,218.37,476217.2924
6/22/2021,219.45,219.45,218.37,218.76,1057480.959
6/23/2021,221.08,221.16,219.07,219.61,176933.4716
6/24/2021,221.16,221.16,218.45,219.3,368326.5534
6/25/2021,220.92,222.01,220.54,220.77,135464.669
6/26/2021,221.08,222.7,219.76,220.3,490260.7801
6/27/2021,222.63,224.33,221.31,221.85,535665.9464
6/28/2021,222.86,223.24,222.39,222.7,284747.9645
6/29/2021,222.55,223.63,221.7,222.86,446319.7964
6/30/2021,222.24,224.02,221.39,221.85,678770.7276
7/1/2021,222.39,222.86,221.31,221.62,588337.7484
7/2/2021,222.93,224.33,221.7,222.08,465949.9224
7/3/2021,224.41,224.41,222.39,222.7,222691.4373
7/4/2021,222.78,225.02,222.08,223.79,400790.5688
7/5/2021,224.41,225.72,222.86,224.48,984441.1239
7/6/2021,225.18,225.18,223.63,224.48,364386.3129
7/7/2021,223.94,224.41,223.63,224.17,691829.4783
7/8/2021,222.55,223.71,222.32,223.48,442392.4789
7/9/2021,220.92,222.55,220.69,222.08,280365.7554
7/10/2021,220.54,220.92,220.38,220.69,324176.2162
7/11/2021,220.15,220.77,219.84,220.54,337844.9352
7/12/2021,220.23,220.54,219.68,220.07,354876.2341
7/13/2021,220.54,220.69,219.61,220.23,307309.0402
7/14/2021,220.15,220.54,219.68,220.3,400495.9231
7/15/2021,221.31,221.31,220.23,220.61,361309.3326
7/16/2021,221.46,221.62,220.46,221.31,240553.6889
7/17/2021,221.31,221.62,220.92,221.39,493627.2369
7/18/2021,220.23,221.7,219.84,221.62,611039.6854
7/19/2021,217.44,222.86,217.44,219.84,335247.4004
7/20/2021,217.13,218.52,217.05,218.21,383251.3938
7/21/2021,217.44,217.83,217.05,217.36,263143.1952
7/22/2021,216.98,217.67,216.9,217.36,442670.3247
7/23/2021,218.68,219.53,218.52,218.76,334271.7095
7/24/2021,219.68,219.76,218.21,218.76,179689.96
7/25/2021,219.22,219.38,218.6,218.91,306218.334
7/26/2021,218.99,219.53,218.68,219.22,184125.1537
7/27/2021,218.6,220.54,218.6,220.07,207001.5519
7/28/2021,218.6,219.68,218.37,218.91,202895.8962
7/29/2021,218.99,219.61,218.21,218.68,227423.8614
7/30/2021,220.23,220.54,218.68,219.07,233647.6064
7/31/2021,219.84,220.23,219.45,219.92,195662.8604
8/1/2021,220.15,220.54,219.61,220.07,223855.8049
8/2/2021,219.84,220.69,219.84,220.15,197305.3811
8/3/2021,222.32,223.17,219.92,221.08,158553.0054
8/4/2021,222.08,223.24,221.31,222.93,296643.6399
8/5/2021,220.54,223.4,219.99,223.17,712524.4642
8/6/2021,216.67,220.69,216.67,220.38,487163.123
8/7/2021,216.43,217.83,215.89,216.9,439694.1443
8/8/2021,216.67,218.6,215.74,216.51,312077.6488
8/9/2021,216.36,217.21,215.27,216.2,285030.9795
8/10/2021,217.29,217.36,216.05,216.98,321993.5116
8/11/2021,217.83,217.83,215.35,216.43,292284.6923
8/12/2021,216.67,217.6,215.2,216.59,465873.6763
8/13/2021,216.67,217.98,215.12,217.52,533170.5038
8/14/2021,220.69,221.16,218.37,218.83,376464.2034
8/15/2021,222.08,222.16,220.61,220.92,188080.9019
8/16/2021,219.84,222.24,219.84,221.54,184772.5989
8/17/2021,221.54,222.78,220.07,222.08,291315.4629
8/18/2021,222.86,223.17,220.54,222.01,506015.2808
8/19/2021,224.41,224.41,218.6,221.08,976331.9047
8/20/2021,224.41,226.34,223.79,224.71,1077103.331
8/21/2021,217.44,224.41,217.29,224.25,1466429.854
8/22/2021,211.1,215.97,211.1,215.04,965550.1969
8/23/2021,210.48,211.64,210.48,211.25,607392.7983
8/24/2021,209.55,210.63,209.55,210.48,349615.2569
8/25/2021,210.48,210.94,209.47,209.86,299327.7592
8/26/2021,209.7,210.48,208.93,210.24,331228.3292
8/27/2021,209.7,209.86,208.93,209.55,306202.8263
8/28/2021,209.55,210.09,208.93,209.7,483428.3591
8/29/2021,210.48,210.48,208.93,209.63,253036.0711
8/30/2021,212.18,212.18,208.54,210.32,591498.7285
8/31/2021,212.02,212.02,211.41,211.79,287238.2379
9/1/2021,212.02,212.02,210.94,211.71,386438.22
9/2/2021,210.63,212.02,209.78,211.17,421083.6477
9/3/2021,211.25,212.41,211.02,211.25,435429.535
9/4/2021,209.7,212.18,209.24,211.25,533342.3804
9/5/2021,209.32,211.17,208.77,209.63,760364.3347
9/6/2021,209.01,209.63,208.16,209.47,853353.4948
9/7/2021,208.23,209.7,208.23,209.01,400645.8306
9/8/2021,207.69,209.01,207.69,208.62,357765.83
9/9/2021,208.23,208.54,207.38,207.54,330231.9614
9/10/2021,208.54,208.54,207.38,208.08,299621.1126
9/11/2021,208.54,209.01,207.92,208.54,451352.0354
9/12/2021,208.23,208.85,208.23,208.62,530048.2928
9/13/2021,207.92,208.54,207.92,208.23,349031.1347
9/14/2021,207.15,208.93,207.07,208.62,367445.2008
9/15/2021,208.85,208.85,206.07,207.38,375794.789
9/16/2021,208,208.93,206.76,207.85,403663.3647
9/17/2021,204.29,209.7,203.28,206.68,679618.4802
9/18/2021,201.96,203.28,201.96,203.13,529055.8019
9/19/2021,201.27,202.66,201.27,201.89,403914.0721
9/20/2021,201.58,201.96,200.88,201.11,334037.8022
9/21/2021,201.96,202.66,201.42,201.96,442800.8476
9/22/2021,202.58,202.58,200.73,201.19,441473.6495
9/23/2021,204.29,204.29,199.95,201.81,377951.6474
9/24/2021,201.19,202.2,199.64,201.11,639064.6302
9/25/2021,201.58,201.96,199.41,199.88,1113480.448
9/26/2021,202.74,203.51,201.58,202.04,802258.3059
9/27/2021,202.74,204.21,200.8,202.12,882637.1455
9/28/2021,201.35,204.52,201.35,202.89,1095678.935
9/29/2021,201.35,202.74,201.19,201.58,767058.479
9/30/2021,201.11,202.74,199.95,202.04,620111.6725
10/1/2021,201.42,201.5,199.95,200.57,965069.4591
10/2/2021,199.72,202.74,199.72,200.96,711201.143
10/3/2021,201.19,201.89,200.49,200.73,662339.0586
10/4/2021,201.96,204.29,201.19,201.73,415124.8254
10/5/2021,200.42,203.59,199.02,203.05,514531.5764
10/6/2021,197.32,201.19,196.55,200.42,919334.7549
10/7/2021,195.93,197.32,195.77,196.39,770290.536
10/8/2021,195.77,196.55,195.08,195.77,509080.6303
10/9/2021,194.15,196.78,193.45,196.32,664249.0867
10/10/2021,193.45,194.61,192.52,194.15,705934.9967
10/11/2021,192.29,193.45,191.98,192.99,544290.7956
10/12/2021,193.45,193.45,192.6,192.76,1144522.927
10/13/2021,192.52,194.3,192.52,193.53,974247.4153
10/14/2021,193.22,193.3,191.91,192.91,960671.7423
10/15/2021,193.92,193.92,192.76,193.3,779114.4004
10/16/2021,191.75,194.15,191.6,193.45,932791.5358
10/17/2021,190.59,192.06,190.36,191.52,1469402.158
10/18/2021,190.43,191.13,190.2,190.43,1426467.88
10/19/2021,189.43,191.13,189.2,189.89,1737567.254
10/20/2021,191.67,191.67,189.74,189.97,630194.2428
10/21/2021,190.36,191.75,189.97,191.13,856058.291
10/22/2021,190.74,190.74,189.58,189.97,496652.5249
10/23/2021,191.36,191.6,191.13,191.29,811548.6927
10/24/2021,191.13,191.44,190.98,191.13,883071.3603
10/25/2021,191.13,191.75,191.05,191.13,598827.3951
10/26/2021,190.98,191.83,190.05,191.21,483984.0506
10/27/2021,189.58,190.59,189.27,190.43,318496.5319
10/28/2021,190.67,190.67,189.2,189.51,571625.6491
10/29/2021,189.51,190.51,189.43,189.82,423460.1981
10/30/2021,190.36,190.51,189.2,189.66,771922.7183
10/31/2021,188.19,191.05,187.96,190.28,304296.6752
11/1/2021,188.89,188.89,187.65,188.04,710160.8368
11/2/2021,191.44,191.44,188.73,188.81,729617.7938
11/3/2021,190.36,190.51,188.66,189.58,1062779.413
11/4/2021,191.91,191.98,190.36,190.82,756284.5251
11/5/2021,192.37,192.45,191.44,191.67,776562.0963
11/6/2021,191.05,194.23,189.74,191.98,1744130.875
11/7/2021,190.64,191.69,190.29,190.99,1122005.886
11/8/2021,190.78,191.83,190.29,190.92,1290924.213
11/9/2021,189.94,190.64,189.3,190.5,737938.0247
11/10/2021,189.51,189.94,188.74,189.94,896877.1664
11/11/2021,188.88,189.23,187.82,188.18,434354.7113
11/12/2021,188.53,188.88,187.97,188.39,300070.6969
11/13/2021,189.23,189.23,188.04,188.67,347006.9858
11/14/2021,187.82,188.81,187.75,188.39,511500.0702
11/15/2021,189.58,189.58,188.74,189.09,494035.074
11/16/2021,189.16,189.94,188.39,189.02,782228.8343
11/17/2021,187.82,189.44,187.33,189.16,806210.1534
11/18/2021,187.26,187.68,186.77,187.54,384356.4331
11/19/2021,187.47,187.68,186.49,187.33,407436.4981
11/20/2021,187.54,187.82,186.98,187.54,451752.8953
11/21/2021,187.12,188.04,186.98,187.26,414403.448
11/22/2021,189.44,189.94,185.01,187.05,658469.8754
11/23/2021,189.23,189.23,188.18,188.46,263113.5936
11/24/2021,190.5,190.5,188.18,188.32,423920.6342
11/25/2021,190.78,190.99,190.57,190.85,517501.7969
11/26/2021,190.15,190.71,190.08,190.64,408199.8631
11/27/2021,189.94,190.5,189.23,190.29,866255.8509
11/28/2021,188.32,190.22,188.32,189.79,732614.3709
11/29/2021,188.32,189.09,188.32,188.95,543905.4139
11/30/2021,188.46,188.74,188.18,188.6,535946.2316
12/1/2021,188.88,189.16,187.97,188.46,315181.6289
12/2/2021,188.67,189.23,187.19,189.02,342060.0391
12/3/2021,190.36,190.78,189.58,190.22,618577.2994
12/4/2021,189.94,190.99,188.88,190.15,1521461.879
12/5/2021,188.53,189.94,188.11,189.72,1967069.472
12/6/2021,186,189.09,186,187.9,992793.9134
12/7/2021,185.08,186.42,184.31,185.71,722340.9274
12/8/2021,185.43,186.21,185.43,185.86,554635.1707
12/9/2021,186.07,186.49,185.01,185.57,1258430.734
12/10/2021,186.07,186.21,185.64,185.93,466738.732
12/11/2021,185.01,186.56,183.67,186.14,386434.7193
12/12/2021,186.42,186.42,183.18,184.52,887573.2107
12/13/2021,186.42,186.42,184.03,186,1171492.411
12/14/2021,186.21,186.91,185.64,186.07,272040.8422
12/15/2021,188.74,189.65,186.7,187.61,389564.9425
12/16/2021,190.01,190.29,187.33,188.46,818128.3145
12/17/2021,190.08,190.29,189.51,189.94,389981.4526
12/18/2021,191.34,191.34,190.43,190.99,319456.1888
12/19/2021,190.43,192.05,190.43,191.27,751350.2206
12/20/2021,190.64,190.92,190.36,190.57,261325.3008
12/21/2021,190.5,191.76,190.43,190.92,295912.703
12/22/2021,191.13,191.91,190.36,190.64,465763.5581
12/23/2021,190.99,191.41,190.78,191.2,736672.8573
12/24/2021,191.41,191.55,190.99,191.27,381979.6243
12/25/2021,191.27,192.19,190.99,191.27,423737.256
12/26/2021,190.64,192.75,190.43,191.41,787768.5617
12/27/2021,187.9,190.5,187.9,190.01,698584.2111
12/28/2021,187.68,188.88,187.47,188.53,651519.984
12/29/2021,186.63,189.23,186.63,188.11,947488.1268
12/30/2021,186.49,187.12,186.28,186.77,900293.1184
12/31/2021,186,186.63,185.5,186.28,574670.3047
1/1/2022,186.77,186.77,185.57,185.71,491449.2993
1/2/2022,186.77,188.25,185.5,185.93,527419.8563
1/3/2022,186.98,187.12,186.35,186.63,478389.6444
1/4/2022,186.63,186.91,186.35,186.77,470198.7516
1/5/2022,187.68,187.68,186.07,186.42,580699.0406
1/6/2022,187.82,187.82,186.84,187.33,415088.6285
1/7/2022,188.67,189.02,187.47,187.68,468448.8403
1/8/2022,186.91,189.09,186.49,188.46,620435.2475
1/9/2022,185.86,186.77,185.86,186.56,727530.9567
1/10/2022,185.71,187.54,185.08,186.91,1556096.192
1/11/2022,185.57,185.57,184.59,184.94,890117.7609
1/12/2022,184.31,185.01,183.96,184.8,573420.7742
1/13/2022,184.31,184.52,183.25,183.53,389680.0869
1/14/2022,182.13,182.27,181.99,182.2,349770.4525
1/15/2022,182.2,182.2,181.49,181.92,527452.5517
1/16/2022,182.2,182.34,181.85,181.99,320357.4429
1/17/2022,182.55,182.55,182.06,182.2,771193.4472
1/18/2022,183.25,183.25,181.49,181.85,514206.6755
1/19/2022,182.97,183.04,182.55,182.76,331203.7656
1/20/2022,182.9,183.53,182.83,182.97,580022.3892
1/21/2022,183.46,183.74,182.13,183.11,715166.4331
1/22/2022,183.89,183.89,183.25,183.6,442578.2994
1/23/2022,183.89,183.89,183.46,183.67,166424.9524
1/24/2022,183.6,183.96,183.18,183.67,213230.4599
1/25/2022,184.1,184.17,183.18,183.6,179700.6808
1/26/2022,183.46,184.03,183.18,183.74,497659.9918
1/27/2022,183.53,183.6,183.18,183.46,204105.6177
1/28/2022,183.53,183.74,182.76,183.11,610726.1539
1/29/2022,182.9,183.6,182.83,183.53,309688.8122
1/30/2022,182.83,182.83,182.13,182.41,193546.4453
1/31/2022,182.06,182.9,181.7,182.34,350846.5556
2/1/2022,182.69,182.97,181.92,182.06,242320.7807
2/2/2022,183.6,183.89,182.2,182.76,369573.8761
2/3/2022,184.24,184.24,183.04,183.39,360362.3202
2/4/2022,183.04,183.82,182.9,183.6,429403.5001
2/5/2022,182.9,183.53,182.69,182.9,393017.8544
2/6/2022,182.2,183.96,182.2,183.18,296505.4837
2/7/2022,183.6,184.87,182.9,183.53,230151.0076
2/8/2022,185.71,185.86,183.67,184.31,241735.1077
2/9/2022,183.11,185.71,183.11,185.57,1003101.474
2/10/2022,182.27,184.66,182.2,183.82,575125.1963
2/11/2022,181.49,182.62,180.37,182.2,550944.8622
2/12/2022,178.68,181.63,178.68,181.56,448217.5343
2/13/2022,177.98,179.38,177.98,178.96,346382.9313
2/14/2022,180.09,180.09,177.84,178.26,335282.1535
2/15/2022,179.38,179.81,178.12,178.33,425168.7431
2/16/2022,180.79,180.93,178.89,179.45,393923.3731
2/17/2022,180.86,181.49,180.65,180.93,266302.0998
2/18/2022,180.09,183.32,179.59,180.51,513990.602
2/19/2022,180.09,180.79,179.52,180.23,431884.0811
2/20/2022,180.37,180.79,179.03,180.09,339506.9597
2/21/2022,180.79,180.79,179.31,179.52,271911.4824
2/22/2022,181,181.49,180.79,181.35,309322.0558
2/23/2022,179.45,181.21,179.45,180.79,287083.5404
2/24/2022,178.61,181.14,178.54,180.79,290788.0643
2/25/2022,181,181.7,180.93,181.35,222682.2554
2/26/2022,180.86,181.35,180.79,180.93,265742.0144
2/27/2022,180.93,181.85,179.66,180.58,225111.6611
2/28/2022,179.24,180.86,178.33,180.51,261133.3934
3/1/2022,177.13,177.27,175.73,176.36,354043.5909
3/2/2022,175.73,176.85,174.95,176.01,350616.2667
3/3/2022,177.7,178.26,173.76,175.02,782173.3944
3/4/2022,179.03,179.81,177.34,177.48,414633.7369
3/5/2022,178.89,178.89,176.43,177.41,463854.4347
3/6/2022,179.31,179.88,177.06,177.91,601216.0754
3/7/2022,183.46,183.46,177.62,178.68,1324269.192
3/8/2022,184.38,184.73,181.7,182.41,612032.5459
3/9/2022,185.01,185.71,184.1,184.31,345446.1388
3/10/2022,185.78,186.42,184.8,185.01,387561.9977
3/11/2022,186.14,186.7,185.86,186.28,391638.9641
3/12/2022,185.5,186.7,185.5,186,272028.0484
3/13/2022,184.8,186,184.8,185.57,243369.8746
3/14/2022,185.43,185.64,184.52,185.15,261778.771
3/15/2022,185.57,185.57,184.45,184.87,175740.2804
3/16/2022,183.96,186.49,183.96,185.71,253253.8172
3/17/2022,184.31,187.4,179.52,182.55,839297.8346
3/18/2022,186.35,187.47,183.53,183.89,627878.4121
3/19/2022,186.56,187.82,184.8,185.36,495648.5178
3/20/2022,189.23,189.86,185.71,186.28,639044.5805
3/21/2022,189.23,189.94,188.81,189.16,683777.4879
3/22/2022,189.79,189.94,188.74,189.79,687571.5686
3/23/2022,190.29,190.29,188.53,189.02,483721.8274
3/24/2022,189.02,189.65,188.53,189.37,442953.585
3/25/2022,187.82,189.58,187.47,189.3,626830.7398
3/26/2022,189.94,189.94,187.82,188.32,596525.0053
3/27/2022,188.04,192.4,187.82,189.72,1040539.056
3/28/2022,185.15,185.43,184.38,185.29,422770.6112
3/29/2022,185.36,185.5,184.87,185.15,580346.4995
3/30/2022,185.22,185.57,184.31,185.36,386782.9957
3/31/2022,185.57,186.21,185.01,185.29,390922.5097
4/1/2022,185.5,185.78,184.31,185.15,463223.2725
4/2/2022,187.33,187.75,184.66,185.29,862889.6527
4/3/2022,184.59,186.98,184.59,186.56,1326727.029
4/4/2022,181.14,184.52,181.14,184.03,1014323.082
4/5/2022,179.74,180.72,178.12,178.82,727511.0552
4/6/2022,181,181.42,179.59,179.95,437865.9062
4/7/2022,180.44,181.49,179.74,180.86,491828.8495
4/8/2022,180.79,181.42,180.37,180.79,325828.9365
4/9/2022,180.58,181.28,180.09,180.72,546768.3882
4/10/2022,180.93,181.85,180.16,180.93,882236.7631
4/11/2022,181.49,181.49,179.88,181.21,272733.1305
4/12/2022,179.66,181.49,179.66,180.51,372529.2503
4/13/2022,182.06,182.06,180.23,180.58,521086.9117
4/14/2022,181.21,182.13,181.14,181.42,381695.317
4/15/2022,181.49,181.78,181.14,181.49,285345.0014
4/16/2022,181.49,182.41,181.14,181.56,436009.3797
4/17/2022,181.49,183.6,181.49,181.78,350535.2391
4/18/2022,182.9,183.53,182.76,183.32,595738.8957
4/19/2022,180.37,183.04,180.3,182.27,822454.0498
4/20/2022,181.92,181.92,179.95,180.93,308197.6205
4/21/2022,178.89,179.24,178.26,178.47,632892.171
4/22/2022,178.68,178.68,178.26,178.4,411013.0837
4/23/2022,178.33,178.75,178.26,178.54,874974.1336
4/24/2022,178.68,178.96,178.47,178.61,477951.8112
4/25/2022,178.68,179.38,178.05,178.61,334540.1115
4/26/2022,178.96,179.38,178.4,178.68,369059.2799
4/27/2022,179.59,179.59,178.75,178.96,610734.6831
4/28/2022,181.42,181.49,179.1,179.81,813302.1985
4/29/2022,181.49,181.63,180.44,180.58,624938.6748
4/30/2022,180.3,181.92,180.3,181.42,1001249.212
5/1/2022,178.82,181.99,178.75,181.28,925367.5989
5/2/2022,178.89,180.02,177.7,179.59,661914.2581
5/3/2022,179.38,179.66,178.19,178.89,778642.298
5/4/2022,181.49,182.2,178.68,179.38,1053701.062
5/5/2022,182.2,183.18,180.16,180.58,750106.3763
5/6/2022,181.49,181.85,180.86,181.49,763791.5072
5/7/2022,181.85,181.92,180.23,181.63,790311.6903
5/8/2022,178.89,181.99,178.89,181.56,1010047.101
5/9/2022,178.05,180.02,177.41,178.75,859482.2299
5/10/2022,176.5,177.7,175.66,176.78,597967.8647
5/11/2022,174.88,176.57,174.6,175.66,614548.6653
5/12/2022,174.88,175.16,173.97,174.88,288200.868
5/13/2022,174.74,175.51,173.83,174.88,749463.8418
5/14/2022,175.16,175.44,174.53,174.95,324774.1565
5/15/2022,175.16,175.66,174.46,175.16,353240.4229
5/16/2022,175.87,175.87,173.83,175.09,473709.9465
5/17/2022,175.87,175.87,174.25,175.09,582524.2933
5/18/2022,174.53,176.22,174.53,175.44,478746.45
5/19/2022,176.92,177.27,175.51,175.87,422103.9107
5/20/2022,176.57,177.48,175.87,176.78,628728.4909
5/21/2022,174.6,177.27,173.83,176.78,738466.8363
5/22/2022,174.25,176.5,174.25,176.01,630620.5558
5/23/2022,175.51,175.51,173.19,174.74,342224.9373
5/24/2022,174.11,176.22,173.69,174.88,1201391.586
5/25/2022,172.35,173.97,170.87,173.83,1055470.875
5/26/2022,172.28,173.4,170.38,170.94,829935.5959
5/27/2022,170.24,171.36,169.89,170.8,316293.2703
5/28/2022,170.94,171.65,169.89,170.31,389556.4133
5/29/2022,170.24,171.29,170.24,170.87,280221.7842
5/30/2022,171.65,171.65,169.25,169.82,288893.1562
5/31/2022,170.45,172.28,169.96,171.65,288408.4123
6/1/2022,170.24,170.94,168.48,170.24,286263.3139
6/2/2022,169.18,170.38,168.62,169.39,377912.6086
6/3/2022,169.53,170.24,168.76,169.18,486532.2049
6/4/2022,170.52,172,169.32,169.53,856307.9391
6/5/2022,170.94,172.35,170.24,171.22,425160.2139
6/6/2022,173.05,173.4,172.7,172.98,340219.1495
6/7/2022,174.46,174.46,172.35,172.98,587701.5289
6/8/2022,174.04,175.02,172.91,173.4,788527.6621
6/9/2022,174.25,174.6,172.77,174.32,607824.7981
6/10/2022,175.58,175.87,175.09,175.3,362943.8303
6/11/2022,174.6,176.71,174.6,175.44,1160057.572
6/12/2022,176.08,176.71,174.18,176.29,831938.5406
6/13/2022,176.22,177.27,175.87,176.15,602334.8245
6/14/2022,176.64,177.06,176.29,176.64,321588.4934
6/15/2022,175.87,177.41,175.87,176.64,617282.2798
6/16/2022,177.91,177.91,176.43,176.64,482088.4821
6/17/2022,176.22,177.7,176.22,177.41,440663.4899
6/18/2022,176.57,178.12,175.87,176.78,532850.1254
6/19/2022,175.16,176.08,174.67,175.87,694964.9794
6/20/2022,175.8,175.87,174.74,175.02,767474.708
6/21/2022,175.73,175.94,174.81,175.8,1246124.494
6/22/2022,175.73,176.43,174.46,175.37,729894.9718
6/23/2022,176.57,176.92,174.25,174.67,798296.4602
6/24/2022,178.68,178.96,177.27,178.12,720710.4251
6/25/2022,178.61,179.38,177.27,178.96,911639.8219
6/26/2022,178.61,178.68,175.94,178.05,775401.195
6/27/2022,175.37,178.12,174.53,177.91,1631837.072
6/28/2022,173.61,174.88,172.84,174.32,1696229.828
6/29/2022,172.56,174.6,172.49,174.39,1187251.564
6/30/2022,172,173.9,170.45,173.47,1295849.837
7/1/2022,173.61,173.61,172.35,172.63,1023501.943
7/2/2022,170.87,175.16,170.8,173.9,1771484.544
7/3/2022,168.55,171.5,167.42,170.66,1441015.712
7/4/2022,165.53,168.48,164.96,168.06,997513.4143
7/5/2022,167.42,169.11,164.75,165.24,1018805.186
7/6/2022,167.83,168.21,167.02,167.58,1027413.114
7/7/2022,167.58,168.52,166.96,167.33,850991.0308
7/8/2022,167.64,168.52,167.58,167.89,974945.6277
7/9/2022,167.58,167.58,165.58,166.21,909772.2712
7/10/2022,167.83,169.39,167.21,167.58,1309948.802
7/11/2022,169.21,169.52,167.77,168.33,1157492.756
7/12/2022,168.83,169.58,168.52,169.21,1657168.482
7/13/2022,171.52,171.83,167.58,170.52,1550789.406
7/14/2022,172.46,172.58,169.96,171.52,1483823.315
7/15/2022,168.08,171.9,167.33,171.21,2106070.305
7/16/2022,166.33,168.21,165.14,168.14,1559559.575
7/17/2022,163.2,167.08,163.2,166.83,2005266.139
7/18/2022,160.7,164.14,160.7,163.52,1205167.355
7/19/2022,155.39,163.2,155.39,160.64,931246.7107
7/20/2022,162.27,162.58,160.83,161.45,764605.5084
7/21/2022,162.14,162.58,161.02,161.58,487569.5672
7/22/2022,162.83,162.89,161.33,161.83,657709.8812
7/23/2022,161.95,164.39,161.77,162.52,897795.6495
7/24/2022,162.58,162.58,160.7,162.52,689293.0436
7/25/2022,162.58,162.89,160.08,161.45,1092639.245
7/26/2022,164.45,164.7,162.58,162.77,624612.2495
7/27/2022,163.33,165.02,162.27,163.95,1039592.838
7/28/2022,165.08,165.96,163.14,163.89,968836.575
7/29/2022,158.83,161.95,158.45,161.52,1027056.486
7/30/2022,159.45,160.89,158.58,159.26,869791.5603
7/31/2022,158.2,159.2,157.39,157.76,553249.879
8/1/2022,159.45,159.45,157.7,157.95,575333.6245
8/2/2022,159.45,160.33,158.14,159.76,481988.2599
8/3/2022,160.08,160.39,157.95,158.33,512407.184
8/4/2022,157.89,161.02,157.58,159.58,680401.3335
8/5/2022,159.14,159.14,157.2,157.7,336055.4667
8/6/2022,155.01,160.7,154.01,159.58,1331160.968
8/7/2022,152.89,155.32,152.51,153.82,690062.2725
8/8/2022,153.64,154.95,151.64,152.26,528928.813
8/9/2022,154.57,155.58,153.2,153.64,671300.1245
8/10/2022,153.45,155.01,153.07,153.32,604460.372
8/11/2022,154.45,155.07,153.07,153.32,624916.1029
8/12/2022,155.07,155.58,152.57,153.01,1001847.848
8/13/2022,156.95,156.95,152.76,153.39,883623.2871
8/14/2022,157.58,158.64,155.26,155.7,686780.6558
8/15/2022,159.39,160.58,157.39,157.58,428889.0781
8/16/2022,156.64,163.14,154.39,158.64,741479.066
8/17/2022,156.95,157.58,155.64,156.08,501916.2455
8/18/2022,158.2,159.39,156.33,157.01,505903.1219
8/19/2022,156.89,159.45,156.51,158.14,439359.2267
8/20/2022,154.7,156.64,153.82,156.14,618124.1798
8/21/2022,153.2,153.64,151.39,152.32,553310.6497
8/22/2022,153.7,153.7,151.07,151.7,473848.1872
8/23/2022,152.57,154.45,150.82,151.82,435103.6799
8/24/2022,155.7,156.95,151.95,153.2,759116.9564
8/25/2022,153.26,153.82,151.39,151.95,428391.7181
8/26/2022,151.51,153.45,151.32,153.2,588768.7426
8/27/2022,150.07,152.51,149.26,150.07,384347.3677
8/28/2022,157.58,157.58,148.2,148.82,735218.0866
8/29/2022,154.51,156.01,153.2,153.82,465375.4749
8/30/2022,156.2,156.95,154.45,154.95,365703.5626
8/31/2022,156.26,156.95,154.64,155.89,482568.7798
9/1/2022,159.58,159.58,155.51,156.95,578194.6442
9/2/2022,160.58,160.58,156.95,157.76,719073.8756
9/3/2022,159.51,161.2,158.83,159.08,637992.9939
9/4/2022,160.77,161.64,159.89,160.08,458473.205
9/5/2022,162.27,163.77,161.27,161.45,576648.1903
9/6/2022,163.33,164.02,161.95,162.45,758963.4305
9/7/2022,165.39,165.39,162.58,163.14,883284.2506
9/8/2022,164.45,166.83,164.45,166.14,1130203.522
9/9/2022,162.58,164.39,162.58,163.83,452760.761
9/10/2022,164.83,164.83,162.52,163.14,420880.1421
9/11/2022,163.52,165.08,163.52,163.95,602239.0437
9/12/2022,165.7,165.96,162.89,163.7,925900.49
9/13/2022,164.52,167.89,164.52,165.89,1151295.746
9/14/2022,162.02,164.89,161.7,164.52,948059.3992
9/15/2022,164.14,164.14,161.39,161.77,458212.5308
9/16/2022,160.58,161.95,159.89,161.02,708063.1878
9/17/2022,161.33,161.33,159.89,160.01,397681.7344
9/18/2022,161.64,161.64,160.33,160.64,329489.0347
9/19/2022,160.7,160.7,158.89,159.26,366383.2347
9/20/2022,160.77,161.83,158.95,159.45,598781.5118
9/21/2022,162.2,162.2,160.7,160.77,389349.7543
9/22/2022,161.33,162.2,160.7,161.39,458844.226
9/23/2022,162.27,162.39,160.7,161.2,535583.2025
9/24/2022,162.58,162.58,160.64,161.39,825089.9271
9/25/2022,162.2,162.58,161.64,162.08,397563.3915
9/26/2022,162.58,162.83,161.2,161.45,381818.9876
9/27/2022,162.95,164.45,161.39,162.2,306242.6502
9/28/2022,161.64,163.77,161.64,163.39,286672.8918
9/29/2022,165.02,165.33,161.83,162.2,460533.0112
9/30/2022,165.08,165.77,164.14,164.95,468198.1131
10/1/2022,165.96,166.21,163.7,164.95,1052704.912
10/2/2022,166.14,167.27,164.52,164.95,1024064.33
10/3/2022,163.64,166.39,163.45,165.7,1021003.407
10/4/2022,162.39,163.2,161.33,162.27,576075.6665
10/5/2022,160.83,162.39,160.7,161.77,289246.0503
10/6/2022,159.89,161.33,159.45,160.58,353232.7793
10/7/2022,161.33,161.33,159.45,160.08,393728.4418
10/8/2022,160.7,162.45,160.39,161.14,363968.3998
10/9/2022,161.95,162.58,159.76,160.51,512811.7888
10/10/2022,163.08,163.39,161.02,161.64,665277.4302
10/11/2022,160.7,163.2,160.7,162.14,559478.8738
10/12/2022,158.2,160.58,158.2,160.01,226495.525
10/13/2022,158.83,160.08,157.89,159.7,303976.5435
10/14/2022,158.51,159.39,157.58,159.01,263138.6461
10/15/2022,157.58,159.08,156.33,158.33,449920.5313
10/16/2022,160.45,160.45,158.01,159.01,246610.6202
10/17/2022,160.39,160.39,158.2,159.45,255543.9103
10/18/2022,158.51,160.95,157.7,160.2,229628.4135
10/19/2022,159.45,159.45,157.76,158.26,221478.7454
10/20/2022,158.51,160.08,158.26,159.58,243252.2405
10/21/2022,161.89,161.89,158.51,158.89,234234.1914
10/22/2022,159.83,160.7,159.45,159.7,205448.0795
10/23/2022,161.33,161.83,159.89,160.2,303152.9408
10/24/2022,162.58,163.02,159.14,162.45,346445.6538
10/25/2022,162.7,162.83,162.27,162.58,420677.0401
10/26/2022,162.58,163.77,162.27,162.95,365905.0654
10/27/2022,161.39,163.2,161.39,162.7,349413.8218
10/28/2022,162.58,163.2,161.83,162.7,369920.728
10/29/2022,163.08,163.52,162.02,162.52,398190.2891
10/30/2022,161.95,162.83,161.64,162.52,300456.6417
10/31/2022,161.2,162.64,161.02,162.45,184301.4819
11/1/2022,163.7,163.7,161.14,162.77,215411.2727
11/2/2022,160.08,162.58,159.64,161.64,303364.039
11/3/2022,161.33,161.89,159.45,159.95,235228.9114
11/4/2022,161.52,161.52,158.58,159.39,568368.9847
11/5/2022,163.45,163.45,160.39,161.08,346939.8154
11/6/2022,158.89,162.89,158.89,162.02,451630.1065
11/7/2022,158.83,160.7,158.01,159.01,410346.0244
11/8/2022,160.45,161.77,157.58,158.39,517970.8997
11/9/2022,162.02,162.58,160.08,160.7,433910.6554
11/10/2022,161.33,164.39,161.33,163.08,264533.1733
11/11/2022,163.2,164.45,161.33,164.08,815622.4947
11/12/2022,164.08,165.08,162.52,163.27,734301.7287
11/13/2022,162.58,164.77,162.27,163.95,694033.1567
11/14/2022,164.14,165.52,163.52,164.45,432207.4772
11/15/2022,163.83,165.96,163.2,165.58,1091345.469
11/16/2022,159.51,163.45,159.45,163.2,848262.7471
11/17/2022,157.64,159.76,157.45,158.83,364368.2069
11/18/2022,157.58,158.7,156.7,156.89,595120.8779
11/19/2022,158.2,159.08,157.26,157.95,235614.3255
11/20/2022,157.64,160.45,157.33,158.14,381272.0515
11/21/2022,160.7,161.14,156.89,157.08,1076392.684
11/22/2022,163.33,163.83,161.64,162.7,542138.4399
11/23/2022,163.7,165.27,162.08,162.89,429504.7811
11/24/2022,162.95,164.14,161.95,162.27,580855.7603
11/25/2022,162.58,165.7,162.14,162.89,669309.0851
11/26/2022,165.2,165.7,161.83,162.33,545736.7038
11/27/2022,161.89,167.27,161.02,164.45,806474.9081
11/28/2022,161.08,162.58,159.76,160.2,962879.4491
11/29/2022,161.95,164.14,161.7,162.27,917653.2689
11/30/2022,167.58,169.27,165.58,165.89,888067.5429
12/1/2022,170.71,171.02,165.39,166.39,1177128.083
12/2/2022,172.9,173.02,171.08,171.21,728000.7687
12/3/2022,173.21,175.08,172.33,174.27,890690.2775
12/4/2022,174.46,175.08,172.21,172.4,772587.2575
12/5/2022,175.08,175.08,173.33,173.96,810552.9406
12/6/2022,173.15,176.02,172.46,175.21,1530765.467
12/7/2022,175.08,175.08,171.02,173.21,925361.55
12/8/2022,177.59,177.59,172.58,173.15,1268923.795
12/9/2022,171.96,176.65,171.52,175.02,1652402.782
12/10/2022,170.52,171.65,168.21,170.58,1026800.61
12/11/2022,179.46,179.46,174.08,174.83,1883699.19
12/12/2022,176.34,179.9,175.27,178.09,2752272.139
12/13/2022,170.71,175.15,168.83,174.77,4031079.165
12/14/2022,165.7,168.89,164.77,168.58,2142166.49
12/15/2022,167.21,168.71,163.02,165.52,1688705.267
12/16/2022,161.7,170.02,160.26,167.21,2393741.116
12/17/2022,165.52,165.64,159.58,162.95,1623792.585
12/18/2022,162.52,172.15,161.33,165.45,2781506.034
12/19/2022,146.2,146.95,144.88,145.76,948502.3855
12/20/2022,145.38,146.13,144.13,144.82,991857.4684
12/21/2022,145.38,146.45,144.13,144.57,800077.9943
12/22/2022,148.2,148.2,145.07,145.38,662064.5803
12/23/2022,148.51,148.82,146.13,146.51,980055.1625
12/24/2022,147.95,148.88,146.63,147.13,839355.0447
12/25/2022,146.32,147.63,145.63,146.63,630543.7878
12/26/2022,146.26,148.82,145.63,145.88,808649.8587
12/27/2022,145.7,146.76,145.07,145.32,482823.0572
12/28/2022,147.32,147.38,144.82,145.32,1080374.762
12/29/2022,146.45,147.57,145.88,146.51,501629.9836
12/30/2022,149.45,149.45,145.7,146.57,492626.3275
12/31/2022,151.32,151.32,147.88,148.38,472699.9412
1/1/2023,150.01,151.95,147.26,148.57,683030.4651
1/2/2023,143.76,149.63,143.76,148.82,556675.4263
1/3/2023,147.57,147.57,143.57,144.13,689747.2245
1/4/2023,153.2,153.2,149.13,149.88,1229134.991
1/5/2023,150.07,155.07,150.07,152.26,2158158.775
1/6/2023,151.65,151.92,148.82,149.91,1810404.211
1/7/2023,151.16,152.19,149.96,151.16,1564551.617
1/8/2023,149.53,152.25,148.44,151.11,1605894.872
1/9/2023,149.53,149.85,148.11,148.33,836980.2178
1/10/2023,152.79,152.79,148.01,149.31,1806505.292
1/11/2023,152.25,153.33,147.95,150.24,1368888.411
1/12/2023,155.07,156.33,150.62,151.65,2197132.843
1/13/2023,152.25,155.51,152.14,155.02,3391360.715
1/14/2023,146.27,147.08,145.61,146.76,1357338.783
1/15/2023,145.72,146.1,144.09,145.72,777981.4804
1/16/2023,145.67,146.81,142.68,143.93,801411.777
1/17/2023,137.57,145.72,137.46,144.58,1575678.25
1/18/2023,136.53,139.09,136.04,138.82,780409.1093
1/19/2023,137.89,138.11,135.94,136.26,855536.8656
1/20/2023,138.65,138.65,136.97,137.84,655220.7036
1/21/2023,136.48,138.93,135.99,138.16,974619.4169
1/22/2023,148.93,150.24,146.97,149.31,498546.6874
1/23/2023,149.42,149.42,145.94,148.06,774487.1662
1/24/2023,149.75,150.62,144.2,147.24,1173096.466
1/25/2023,151.7,151.7,149.42,149.91,781825.2261
1/26/2023,151.54,152.14,150.56,151.49,335638.079
1/27/2023,151.16,151.98,150.56,150.78,304078.904
1/28/2023,151.7,152.36,150.51,150.78,560690.3076
1/29/2023,152.3,152.3,150.62,151.49,398572.5177
1/30/2023,152.25,152.68,151.11,152.14,395721.8929
1/31/2023,153.12,154.1,151.98,152.3,555320.0984
2/1/2023,150.56,154.37,150.24,153.44,1070988.926
2/2/2023,151.27,151.98,150.02,150.34,667009.4164
2/3/2023,151,152.85,150.34,151.32,1255102.504
2/4/2023,150.51,151.16,149.58,150.51,929469.1986
2/5/2023,150.13,150.78,148.93,149.37,744638.366
2/6/2023,150.83,151.7,150.34,150.94,612075.1182
2/7/2023,151.21,152.14,150.72,151.11,407253.1299
2/8/2023,153.88,153.88,150.51,151.11,764831.8242
2/9/2023,152.25,154.69,151.92,154.2,899510.0517
2/10/2023,153.93,155.78,152.9,154.15,719001.1342
2/11/2023,153.33,156.49,153.28,154.15,2156856.273
2/12/2023,147.9,153.44,147.9,152.79,1495511.324
2/13/2023,148.44,148.82,147.46,148.28,610033.703
2/14/2023,150.07,150.56,149.2,149.42,754017.8411
2/15/2023,149.26,151.43,149.26,149.91,589711.507
2/16/2023,151.27,152.19,148.66,149.26,624323.6092
2/17/2023,146.05,152.25,146.05,150.78,1349099.557
2/18/2023,148.39,148.39,145.72,146.81,816363.7638
2/19/2023,147.3,147.9,146.27,147.57,487512.0108
2/20/2023,144.85,146.76,144.8,146.48,634549.0761
2/21/2023,142.46,145.18,141.26,144.74,879813.154
2/22/2023,142.57,143.44,138.11,138.65,1439326.429
2/23/2023,144.47,145.18,142.13,142.35,1391491.107
2/24/2023,144.91,145.18,143.22,143.49,440669.8088
2/25/2023,146.1,146.65,143.98,144.58,391583.8892
2/26/2023,147.9,148.98,144.47,145.29,1155073.161
2/27/2023,150.07,151.05,148.06,148.33,906553.8536
2/28/2023,150.62,151.7,149.69,150.51,649537.8451
3/1/2023,152.52,152.68,151.16,151.49,645252.7124
3/2/2023,152.25,153.06,151.81,152.14,681317.7137
3/3/2023,152.25,153.44,151.92,152.36,785485.0605
3/4/2023,152.68,153.39,151.87,152.79,743865.9387
3/5/2023,150.89,154.04,150.67,153.17,1058942.737
3/6/2023,148.17,151.16,148.11,150.62,774781.4242
3/7/2023,151.54,151.54,147.24,148.17,628829.4355
3/8/2023,153.33,153.88,151.11,151.54,1003309.576
3/9/2023,152.79,154.64,152.3,153.28,1223616.894
3/10/2023,153.28,153.5,151,152.14,927666.8681
3/11/2023,152.36,153.88,151.27,153.23,1161565.229
3/12/2023,155.51,155.51,153.01,154.26,859748.4338
3/13/2023,155.51,157.2,153.17,153.66,1490361.809
3/14/2023,153.01,155.67,151.81,155.02,1462131.428
3/15/2023,152.63,154.97,151.65,152.41,973056.171
3/16/2023,153.12,153.12,149.64,151.81,868153.1791
3/17/2023,155.94,156.43,150.72,151.92,1319636.971
3/18/2023,150.56,156.16,150.13,155.62,2437339.361
3/19/2023,149.58,151.98,148.71,151.43,1193142.795
3/20/2023,149.37,150.02,146.92,149.53,1105582.637
3/21/2023,145.89,147.3,145.45,146.97,696931.781
3/22/2023,145.67,145.99,143.82,145.18,765291.6024
3/23/2023,147.63,148.11,145.56,147.63,964375.5588
3/24/2023,139.74,146.43,136.59,145.99,1626051.548
3/25/2023,143.06,144.09,139.2,139.9,1012725.833
3/26/2023,146.27,147.08,143,145.34,1029149.11
3/27/2023,148.44,148.44,143.28,145.83,1909808.256
3/28/2023,153.88,153.88,148.5,149.09,1600303.97
3/29/2023,157.09,157.63,154.48,154.97,873541.7795
3/30/2023,155.51,157.58,154.97,156.71,1314597.802
3/31/2023,155.18,155.51,153.01,155.02,1202669.399
4/1/2023,159.21,159.32,153.99,155.4,1502150.521
4/2/2023,151.16,153.06,150.89,152.14,1740536.318
4/3/2023,149.53,151.59,147.63,151,1407491.388
4/4/2023,150.34,152.25,148.55,149.58,2114446.333
4/5/2023,144.96,149.58,144.91,149.15,2827378.395
4/6/2023,141.86,144.96,141.64,144.47,1696360.829
4/7/2023,142.41,142.51,140.45,142.13,889928.2742
4/8/2023,143.11,145.07,140.29,141.97,924448.4208
4/9/2023,140.01,144.09,138.27,143.06,2270274.357
4/10/2023,142.73,143.55,139.47,140.77,1210540.802
4/11/2023,137.13,142.73,137.02,142.13,1444825.377
4/12/2023,138.65,140.29,135.88,137.02,1419684.705
4/13/2023,141.7,141.7,138.11,138.76,1452659.997
4/14/2023,146.16,146.81,143.33,144.74,1642879.43
4/15/2023,141.92,145.5,141.92,145.07,2924722.634
4/16/2023,140.29,141.7,135.99,141.21,2517561.459
4/17/2023,141.37,145.29,140.07,140.56,2496301.316
4/18/2023,130.5,135.88,130.5,134.9,3084559.924
4/19/2023,127.78,130.55,127.78,130.12,1636056.322
4/20/2023,129.08,129.08,127.78,128.21,658696.6267
4/21/2023,128.92,129.68,128.11,128.7,925128.8925
4/22/2023,126.69,126.69,123.48,124.19,1385992.159
4/23/2023,127.78,127.89,125.5,125.82,889174.238
4/24/2023,127.89,128.87,124.08,126.91,1310551.754
4/25/2023,129.95,129.95,127.34,128.05,984513.8435
4/26/2023,125.01,129.14,125.01,128.27,1889173.411
4/27/2023,120.71,124.95,120.71,124.68,1463915.367
4/28/2023,119.08,120.6,118.81,120.17,1020707.583
4/29/2023,119.89,120.44,118.21,119.08,750302.8334
4/30/2023,118.54,119.35,116.63,119.02,1895150.527
5/1/2023,112.66,117.72,112.34,117.12,1741345.527
5/2/2023,112.55,112.93,111.14,112.61,1159487.032
5/3/2023,108.75,110.38,108.64,110.05,1134585.445
5/4/2023,106.63,108.86,106.63,108.64,1377182.809
5/5/2023,106.52,107.61,106.03,107.01,390848.2441
5/6/2023,106.03,106.3,105.21,106.08,281494.5993
5/7/2023,104.51,107.06,104.45,106.63,956688.0675
5/8/2023,104.94,104.94,103.37,103.96,216868.1768
5/9/2023,103.58,103.75,103.26,103.42,586529.8419
5/10/2023,103.96,104.4,102.93,103.31,259553.984
5/11/2023,105.49,105.49,103.75,103.85,275260.007
5/12/2023,106.03,106.03,104.02,104.24,355022.3275
5/13/2023,104.51,105.21,104.18,104.78,280152.047
5/14/2023,104.56,104.89,104.13,104.67,400374.8482
5/15/2023,105.21,105.21,104.24,104.4,448596.3848
5/16/2023,105.21,105.87,104.67,104.89,279085.3616
5/17/2023,105.43,105.54,104.72,105.27,350939.4972
5/18/2023,106.03,106.03,104.4,105.16,598061.0789
5/19/2023,105.98,106.57,105.92,106.03,367877.7257
5/20/2023,106.03,106.25,105.38,105.98,372953.6769
5/21/2023,106.03,106.57,105.49,106.03,434711.0835
5/22/2023,104.4,106.3,104.4,105.98,551844.1752
5/23/2023,104.18,105.54,103.85,104.67,534464.5597
5/24/2023,105.92,105.92,104.07,105.11,370654.786
5/25/2023,104.4,106.57,103.31,105.59,823021.3519
5/26/2023,103.91,105.21,103.31,103.69,1341081.026
5/27/2023,104.4,106.03,103.96,104.89,645197.539
5/28/2023,106.52,108.75,103.91,106.79,2352997.649
5/29/2023,102.22,106.57,102.22,105.7,1632764.31
5/30/2023,98.96,102.5,97.87,102.06,2774246.428
5/31/2023,97.98,98.42,97.6,98.09,923326.562
6/1/2023,98.04,98.42,97.38,97.49,601022.0505
6/2/2023,98.42,98.8,97.87,98.42,542777.3493
6/3/2023,98.42,99.02,98.15,98.85,666200.2068
6/4/2023,97.33,99.18,97.33,98.15,548276.2965
6/5/2023,97.76,99.94,97.33,99.72,1533102.789
6/6/2023,97.87,97.98,96.84,97.28,672250.8878
6/7/2023,97.87,98.15,97.44,97.66,749401.6681
6/8/2023,97.82,98.2,97.44,98.04,1117536.87
6/9/2023,97.87,97.87,95.15,97.82,901220.4266
6/10/2023,96.79,97.06,95.43,96.3,431952.4143
6/11/2023,97.06,97.11,96.46,96.89,613031.4568
6/12/2023,97.33,97.82,96.51,96.89,507687.0778
6/13/2023,95.15,97.28,95.15,95.86,477029.0681
6/14/2023,95.7,97.98,95.54,97.76,1655330.223
6/15/2023,95.15,95.64,94.72,95.37,365670.7904
6/16/2023,94.61,95.7,94.12,95.1,670043.9524
6/17/2023,95.15,95.26,94.45,95.1,652572.3812
6/18/2023,95.15,95.7,94.61,94.88,963731.8693
6/19/2023,93.69,95.43,93.69,94.99,1422627.286
6/20/2023,92.98,94.07,92.98,93.8,479327.9591
6/21/2023,94.07,95.21,93.14,94.67,968844.6028
6/22/2023,93.52,94.45,92.98,94.01,720545.9889
6/23/2023,94.56,94.56,93.03,93.58,871739.449
6/24/2023,93.09,95.26,92.06,94.56,2183964.796
6/25/2023,94.45,94.61,93.47,94.01,368558.1974
6/26/2023,93.69,94.61,93.41,94.45,539614.0754
6/27/2023,93.58,94.39,93.47,93.69,521719.5082
6/28/2023,93.63,94.07,92.76,93.63,513535.4564
6/29/2023,95.15,95.15,94.39,94.72,497663.9133
6/30/2023,94.88,95.21,94.07,94.77,619229.2668
7/1/2023,94.23,95.7,94.23,94.56,744141.8056
7/2/2023,95.26,95.97,94.34,95.1,826938.6621
7/3/2023,95.7,95.97,94.83,95.05,871040.5862
7/4/2023,96.24,97.28,95.1,95.21,805329.0872
7/5/2023,97.6,97.6,95.7,96.62,805752.0831
7/6/2023,95.15,97.17,95.1,96.79,1626695.238
7/7/2023,98.42,99.5,96.73,97,1483888.132
7/8/2023,94.34,99.5,94.34,98.15,3326623.945
7/9/2023,91.51,94.39,91.51,94.01,1518040.456
7/10/2023,92.27,92.44,91.46,91.78,939455.5809
7/11/2023,93.52,94.07,91.95,92.38,1275295.962
7/12/2023,97.87,97.87,93.2,93.41,2896565.817
7/13/2023,92.85,92.85,91.81,92.44,2534392.974
7/14/2023,94.07,94.07,92.18,92.44,2046301.651
7/15/2023,91.35,94.9,91.35,92.52,2846135.455
7/16/2023,92.1,92.39,90.76,91.68,1675361.81
7/17/2023,92.65,93.4,92.44,93.02,1458846.746
7/18/2023,92.44,92.9,91.68,92.56,1269348.249
7/19/2023,92.02,92.85,90.34,91.6,446251.5081
7/20/2023,90.18,91.93,89.63,91.68,1211131.135
7/21/2023,88.42,92.02,88.42,91.68,1779244.092
7/22/2023,86.66,88.67,86.16,88.42,1046019.273
7/23/2023,85.95,86.87,85.37,86.37,906130.8414
7/24/2023,85.12,86.58,84.82,85.12,738867.217
7/25/2023,87.21,88.67,85.95,86.33,1180265.307
7/26/2023,87.42,88.04,84.91,86.83,1032319.722
7/27/2023,87.04,89.93,85.28,86.2,1806714.919
7/28/2023,87.37,91.52,83.65,87.12,2043958.622
7/29/2023,90.64,91.52,87.63,88.55,2059475.216
7/30/2023,96.62,96.62,90.39,90.64,3824326.412
7/31/2023,102.22,102.85,94.95,95.87,4078951.569
8/1/2023,97.92,100.34,97.79,100.01,2935481.391
8/2/2023,94.11,100.05,93.36,96.87,4144030.412
8/3/2023,93.27,94.95,92.69,93.4,2276085.913
8/4/2023,92.02,93.44,91.81,92.18,2517370.147
8/5/2023,92.85,92.85,91.72,91.89,1636510.553
8/6/2023,94.11,94.11,92.02,92.31,1361826.193
8/7/2023,94.03,94.03,93.15,93.27,2006517.965
8/8/2023,93.69,94.53,93.06,93.36,2105762.005
8/9/2023,94.95,94.95,92.9,93.06,2154176.648
8/10/2023,94.49,95.36,93.77,94.57,3193788.452
8/11/2023,94.11,95.53,92.23,93.73,2305804.136
8/12/2023,92.02,94.11,90.89,91.22,3759199.752
8/13/2023,86.58,91.39,86.58,90.8,2941984.493
8/14/2023,85.83,86.75,85.12,86.45,1331318.991
8/15/2023,86.71,87.37,85.58,85.7,1483544.191
8/16/2023,86.75,87,85.74,85.99,1094099.197
8/17/2023,87.83,87.83,86.5,86.62,1399147.308
8/18/2023,86.54,88.42,85.58,87.17,1626947.167
8/19/2023,85.2,86.12,84.61,85.91,1283382.518
8/20/2023,84.87,86.54,84.87,85.7,3086128.632
8/21/2023,83.61,85.16,82.86,84.41,2547231.82
8/22/2023,83.65,83.86,82.98,83.53,1827921.728
8/23/2023,82.82,83.65,82.77,83.57,1645619.679
8/24/2023,81.56,82.4,81.23,82.15,1848483.008
8/25/2023,79.47,81.35,79.47,81.1,1676294.24
8/26/2023,79.39,79.47,78.84,79.14,365010.5424
8/27/2023,78.88,79.64,78.59,78.8,563618.1651
8/28/2023,79.43,79.64,78.72,79.01,551950.8339
8/29/2023,80.22,80.35,78.8,79.05,765405.6137
8/30/2023,80.68,80.72,80.01,80.14,1083483.838
8/31/2023,79.22,80.1,78.84,79.93,680769.6459
9/1/2023,80.1,80.72,78.59,78.68,835648.6852
9/2/2023,79.47,80.22,78.84,80.06,1280967.763
9/3/2023,79.05,79.89,77.75,78.8,804400.3208
9/4/2023,77.38,77.38,76.75,77.29,639527.5429
9/5/2023,75.29,77.17,75.16,76.79,1371843.84
9/6/2023,74.87,75.45,74.87,75.16,465999.9005
9/7/2023,75.08,75.08,74.58,74.87,237602.3299
9/8/2023,74.87,75.66,74.66,75.5,673525.3808
9/9/2023,74.83,75.25,74.45,75.08,593360.2961
9/10/2023,75.04,75.04,74.45,74.79,401470.9522
9/11/2023,75.08,75.25,74.91,75.16,428057.1658
9/12/2023,74.79,75.16,74.74,75.08,440728.6525
9/13/2023,74.83,75.16,74.66,74.79,824124.8049
9/14/2023,74.37,74.91,74.37,74.79,506357.3903
9/15/2023,74.07,74.87,74.07,74.66,651936.0365
9/16/2023,74.53,74.53,73.91,73.95,269520.1313
9/17/2023,74.87,74.95,74.07,74.24,268181.2572
9/18/2023,75.12,75.16,74.66,74.91,378877.4524
9/19/2023,74.45,74.79,74.33,74.45,338950.315
9/20/2023,74.87,75.08,74.37,74.45,377634.2121
9/21/2023,74.83,74.83,74.33,74.58,535979.979
9/22/2023,74.7,74.7,74.28,74.58,359750.68
9/23/2023,74.16,74.41,73.91,74.2,380551.0449
9/24/2023,74.37,74.41,74.03,74.16,414381.5236
9/25/2023,74.03,74.45,73.82,74.07,497080.9056
9/26/2023,74.74,74.74,73.82,73.99,357240.2911
9/27/2023,74.87,75.25,74.66,75.08,369337.9746
9/28/2023,74.45,75.04,73.99,74.79,551974.7424
9/29/2023,74.33,74.79,74.12,74.49,539566.2488
9/30/2023,74.58,74.62,73.99,74.33,206808.2263
10/1/2023,75.08,75.08,74.37,74.41,219144.9945
10/2/2023,74.83,74.83,73.61,74.37,158967.3869
10/3/2023,74.03,75.2,73.7,74.79,507313.7289
10/4/2023,73.61,73.82,73.28,73.53,203628.4004
10/5/2023,73.15,73.87,72.61,73.49,410795.2538
10/6/2023,72.61,73.2,72.61,73.03,387604.0422
10/7/2023,72.48,74.41,72.19,73.15,292878.702
10/8/2023,72.61,73.2,72.48,72.94,150145.1632
10/9/2023,74.03,74.03,72.74,73.07,173695.0017
10/10/2023,71.9,74.03,71.56,73.49,197412.1994
10/11/2023,73.4,73.82,72.44,73.45,165518.3065
10/12/2023,74.87,74.87,72.23,72.94,310499.2411
10/13/2023,73.4,74.87,73.2,74.53,223065.9829
10/14/2023,73.61,73.66,73.11,73.32,294002.3999
10/15/2023,75.54,75.71,74.03,74.37,385715.2735
10/16/2023,76.54,76.54,74.87,75.33,370844.208
10/17/2023,76.46,76.54,75.29,75.41,316404.6321
10/18/2023,76.42,76.54,75.96,76.33,753260.1132
10/19/2023,76.17,76.25,75.71,75.79,386528.1613
10/20/2023,76.75,76.88,75.91,76.08,537008.043
10/21/2023,75.96,76.67,75.91,76.42,806384.7235
10/22/2023,76.12,76.12,75.25,75.54,390688.2343
10/23/2023,75.29,76.04,75.29,75.54,619372.7065
10/24/2023,74.62,75.29,74.03,75.16,638499.4789
10/25/2023,73.57,74.49,73.11,74.07,905031.052
10/26/2023,72.32,72.74,72.15,72.48,380240.2349
10/27/2023,73.15,73.2,71.9,72.36,513625.5638
10/28/2023,71.31,72.44,71.31,72.28,703076.2442
10/29/2023,71.1,71.73,70.64,71.52,385571.8227
10/30/2023,70.69,70.9,70.6,70.64,271600.1678
10/31/2023,70.9,70.94,70.69,70.69,217543.1273
11/1/2023,70.69,70.9,70.6,70.77,213646.0475
11/2/2023,70.9,70.9,70.48,70.56,184166.9095
11/3/2023,70.9,71.02,70.6,70.85,272484.781
11/4/2023,70.94,71.06,70.56,70.77,202982.8719
11/5/2023,70.73,71.1,70.31,70.69,244990.0457
11/6/2023,70.39,70.81,70.23,70.69,199803.046
11/7/2023,70.69,70.69,70.69,70.69,239.0846547
11/8/2023,69.85,71.19,69.85,70.64,407854.5125
11/9/2023,69.64,70.48,69.64,70.1,245802.9335
11/10/2023,69.81,70.06,69.6,69.64,165350.9472
11/11/2023,70.02,70.27,69.85,70.02,299883.8824
11/12/2023,70.35,70.35,69.93,69.98,174436.1641
11/13/2023,70.69,70.81,70.27,70.35,174364.4387
